tidak_baku,baku
abadiat,abadiah
abdas,berabdas
abdul,abdu
aben,mengaben
abrek,seabrek
abrit-abrit,abrit-abritan
acat,acatan
acau,mengacau
aco,mengaco
aco-acoan,acoan
acu,mengacu
acum,mengacum
adap,adap-adapan
adeh,beradeh
adjektif,adjektiva
adon,mengadon
adpertensi,advertensi
adpis,advis
adstringen,astringen
adu domba,domba
adu untung,untung
aduk,mengaduk
aestetika,estetika
afdol,afdal
afkir,apkir
agel,agal
agribisnis,agrobisnis
agut,mengagut-agut
aih,ai
ajektiva,adjektiva
aju,mengajukan
akasa,angkasa
aklimasi,aklimatisasi
akomodir,akomodasi
aksara pegon,pegon
akte,akta
aktip,aktif
alau,burung
algoritma,algoritme
ali,mengali
alihragam,ragam
alik,ulang
aling,mengalingi
Alip,alip-alipan
almari,lemari
alobar,angin
alpokat,avokad
amandemen,amendemen
amarah,marah
ambak,mengambak
ambalela,balela
ambeg,ambek
ambek,mengambek
amberal,admiral
ambil alih,alih
ambring,ambring-ambringan
ambur,mengambur
amien,amin
ammi,ami
ampelam,mempelam
ampibi,amfibi
amplas,ampelas
ampung,apung
amputir,amputasi
amuba,ameba
anakda,ananda
analisa,analisis
anamel,enamel
ancam,mengancam
anduh,menganduh
anestesia,anestesi
angga,berangga
anggit,menganggit
anggul,beranggul
anggut,beranggut
angkus,angkusa
angkut,mengangkut
angus,hangus
anjak,beranjak
anjal,menganjal
ansor,ansar
antar,berantar
antari,baju
antih,mengantih
antimon,antimonium
antri,antre
antuk,berantuk
antul,mengantul
anulir,menganulir
anut,menganut
anyak,enyak
anyak-anyik,onyak-anyik
anyam,menganyam
anyik,onyak-anyik
apa boleh buat,buat
apem,apam
apium,opium
apotik,apotek
aprit,mengaprit
apung,apung-apung
aqidah,akidah
arabika,kopi
arbitrasi,arbitrase
arerut,ararut
aria,Arya
arih,mengarih
arsir,mengarsir
artifak,artefak
artik,arktika
aru-aru,hantu
aruk,mengaruk
asabiyah,asabiah
asong,mengasong
asperses,asparagus
astana,istana
asuh,mengasuh
atmosfir,atmosfer
atsiri,asiri
atung,atung-atung
auto,oto
autofon,otofon
autologi,otologi
automatis,otomatis
autoskop,otoskop
avertebrata,invertebrata
awalengas,mengawalengaskan
awin,pengawinan
awut,awut-awutan
ayap,mengayap
ayeng,ayeng-ayengan
ayid,ayit
ayom,mengayomi
ayuk,ayut
ayum,mengayum
ayut,mengayut
azamat,azmat
azemat,azmat
babah,baba
baban,membaban
babang,terbabang
babas,membabas
babit,membabitkan
baca,membaca
bacah,membacah
bacem,membacem
bacok,membacok
bade,bade-bade
bagongan,bahasa
bagul,membagul
bahagi,bagi
Baitulmukadis,Baitulmukadas
bajik,kebajikan
baju kemeja,kemeja
baju kutang,kutang
baju mantel,mantel
baju maskat,maskat
baju surjan,surjan
baju zirah,zirah
bakak,berbakak
bakar,membakar
bakhsis,baksis
bakterisid,bakterisida
balah,berbalah
baling,baling-baling
balit,belit
balsem,balsam
bancah,bencah
bancang,membancang
bandring,bandering
bandrol,banderol
bangai,terbangai
bangka,bangkar
bangkir,bongkar-bangkir
bangkuang,bengkuang
bangun-bangun,daun
banian,benian
banjur,membanjur
bansai,banzai
bantar,membantar
banteras,berantas
bantut,membantut
banu,bani
bapao,bakpao
baragajul,bergajul
barakatuh,barakatuh
barangan,berangan
barap,pembarap
baras,abras
barbir,barber
barep,barap
bargas,barkas
barik,barik-barik
baring,berbaring
barometer baku,mutlak
baronsai,barongsai
barzakh,alam
basekat,baskat
baskat,beskap
basmi,membasmi
baso,bakso
basoka,bazoka
bata-bata,terbata-bata
batalyon,batalion
batas penanggalan,internasional
batau,baktau
batela,batel
bati,sebati
batila,batel
batu akik,akik
batu gamping,gamping
batu marmer,marmer
batu pualam,pualam
bawa,membawa
bawal pipih,cermin
bayang,bayang-bayang
bayar,berbayar
bayat,baiat
bayem,bayam
bayong,membayong
be-,ber-
bebang,terbebang
bebar,berbebar
bebeksan,beksan
beber,membeber
becolok,bicokok
bedar,bidar
bedaru,pohon
bedel,membedel
bedukang,ikan
begandring,begandering
begasi,bagasi
behandel,membehandel
behena,bena
behina,bena
bekap,membekap
bekasam,pekasam
bekuk,membekuk
bekukung,bekuku
bel-,ber-
belahak,membelahak
belakin,belangkin
belalak,membelalak
belandang,membelandang
belangah,terbelangah
belar,selar-belar
belasut,membelasut
belata,pelata
beldu,beledu
belederu,beledu
belendung,membelendung
beli,membeli
beliak,membeliak
beligu,beligo
belingkang,terbelingkang
belingsat,belingsatan
belingut,terbelingut
belintang,berbelintang
belongkot,belongkotan
belontok,belodok
belot,membelot
belu,membelu
beludru,beledu
beluhan,baluh
belukang,bedukang
belungsing,membelungsing
belur,balur
bembam,membembam
bembet,bimbit
bemper,bumper
benam,berbenam
bendalu,benalu
bendar,bandar
bendel,bundel
bendela,bandela
benggal,benggil
bengik,bengek
bengkal,kebengkalan
bengkalai,terbengkalai
bengkap,benkap
bengkar,membengkar
bengkarap,bengkerap
bengkol,pengkol
bengkos,membengkos
bengkudu,mengkudu
bensol,benzol
bentak,membentak
bentangur besar,batu
bentangur bukit,batu
bentangur jantan,bunga
bentangur laut,bunga
bentangur mumut,ara
bentangur pasir,ara
bentes,benteh
bentil,pentil
bentoh,bantah
bentok,kebentok
bentong,berbentong-bentong
bentus,terbentus
benum,membenum
berai,berberaian
beranang,merah
berangai,mati
berangsong,berongsong
berantak,berantakan
berantas,memberantas
bercekakan,bercekakakan
bercelur,tangan
bercokok,becokok
berebes,mili
beredel,memberedel
berenga,bernga
berengut,memberengut
berentang,memberentang
berhana,seberhana
berhari,Minggu
beri,memberi
beri tahu,tahu
berihat,berehat
berinda,seberinda
beringisan,peringis
berjauh,hati
bermatikan,-diri
bermaulid,-Rasul
bermengkal,-hati
bermuram,-durja
berokat,brokat
beron,memberon
berongsang,memberongsang
beronsang,berongsang
berosot,memberosot
beroya,tanah
berpadang,luas
bersil,membersil
bersit,membersit
bertarap,sembah
beru,anak
berumbun,terberumbun
berunai,brunai
berusak,diri
berzanji,barzanji
besel,beselan
beskat,beskap
beslah,membeslah
bestik,bistik
betot,membetot
biau,berbiau
biawak pohon,kudung
biawan,biawan
bidas,membidas
bidik,membidik
biennale,bienial
bihalal,halalbihalal
bihari,bahari
bihausy,bius
bika,bikang
bilas,berbilas
bilau,kacau-balau
bilyar,biliar
bilyun,biliun
bimbit,membimbit
binari,biner
binatu,penatu
bincacau,bincacak
bincang,berbincang
bingkas,membingkas
bingkis,membingkis
binjat,membinjat
biopendar,cahaya
birahi,berahi
birih,birai
bisan,besan
biskal,beskal
biskop,uskup
blantika,belantika
blepot,lepot
blokir,memblokir
bloon,beloon
bohok,buhuk
boikot,memboikot
bokot,bukut
bolot,membolot
bolsak,bulsak
bomantara,bumantara
bombardir,membombardir
bomor,bomoh
bonafid,bonafide
bonceng,membonceng
bongkak,congkak
bongkas,bungkas
bongkok,bungkuk
bonglai,bangle
bongmeh,membongmeh
bongsai,bonsai
bonyor,bonyok
bopong,membopong
borak,burak
borhan,burhan
borkol,brokoli
bostan,bustan
bota,buta
botor,kacang
brana,raja
brangas,berangas
brangus,berangus
bredel,beredel
breksi,breksia
brengsek,berengsek
brewok,berewok
brisan,bom
bromocorah,bramacorah
brongkos,berongkos
bubuh,membubuh
bubur harisah,harisah
budur,terbudur
buhur,buhul
bujanggi,bujangga
bukut,membukut
bulak,bulakan
bulug,balig
buluh talang,talang
bumel,api
bumi rata,membumiratakan
bungar,bungaran
bungkah,bongkah
bunker,bungker
bunuh,membunuh
bupet,bufet
burai,berburai
Burjusumbulat,Sunbulat
buru,berburu
burun,buron
burung enggak kecil,kecil
burung kuak,kuak
burung kuak-kuak,kuak
burung kuar,kuar
burung kuaran,kuar
burung murai,murai
burung punai,punai
busar,busur
butun,pohon
buyur,membuyur
byarpet,biarpet
cabe,cabai
cabur,kecaburan
cabut,mencabut
cacengklok,cecengklok
caci-maki,maki
cadir,cadar
caduk,mencaduk
cadung,bercadung
cagil,mencagil
cagun,mencagun
cagut,mencagut
cakmau,camau
cakur,cekur
calempong,celempong
calus,celus
cambah,kecambah
camcau,cincau
camil,camilan
camur,mencamurkan
canak,mencanak
cancut,bercancut
candak,cekel
candan,kecandan
candang,berani
cangah,mencangah
cangcang,mencangcang
cangga,cenangga
cangget,pineng
cangkau,cengkau
cangkel,mencangkel
cangkih,mangkih
cangkok,mencangkok
cangku,cengkau
cangkum,mencangkum
cangkung,bercangkung
cangkup,mencangkup
canguk,mencanguk
canteng,cantengan
cantol,mencantolkan
cantum,bercantum
capiau,cepiau
caplok,mencaplok
carah,bercarah
caran,bercaran
carat,carak
cari,bercari
caring,mencaring
carter,mencarter
casis,sasis
catat,mencatat
catek,mencatek
catet,catat
cauk,caung
caya,cahaya
cebak,bercebak
cebik,mencebik
cebir,mencebir
cebok,bercebok
cecah,bercecah
cecar,mencecar
cecok,cekcok
cedal,cadel
cedong,cedok
cegah,mencegah
cegas,cergas
cegat,mencegat
cekalang,cakalang
cekap,cekak
cekat,cekatan
cekau,mencekau
cekek,cekik
cekeram,cengkeram
cekerau,cekarau
cekiber,cekibar
cekih,mencekih
cekluk,tercekluk
ceku,menceku
cekut,mencekut
celampak,mencelampakkan
celang,mencelang
celapak,mencelapaki
celas,celus
celat,mencelat
celatuk,bercelatuk
celeguri,seleguri
celengkang,celengkok
celepa,selepa
celepak,celapak
celetuk,menceletuk
celinguk,celingukan
celis,mencelis
celok,celuk
celos,celus
celuk,menceluk
celum,celam-celum
celum-celam,celam-celum
celupar,celopar
cemat,mencemat
cembeng,cengbeng
cemengkian,cemekian
cempeng,cempek
cempera,bercempera
cemplung,mencemplung
cempoa,sempoa
cempuling,tempuling
cencurut,celurut
cengam,mencengam
cengang,bercengangan
cengap,mencengap
cenggek,tenggek
cengkeh,cengkih
cengkeling,sengkeling
cengkelong,mencengkelong
cengkerma,cengkerama
cengkolong,cengkelong
cengkuk,cengkok
cengkuyung,tengkuyung
cengung,tercengung
cengut,mencengut
centadu,sentadu
cenung,tercenung
cepaka,cempaka
cepit,jepit
ceplos,menceploskan
cerabih,mencerabih
cerabut,tercerabut
ceracah,cerancang
ceracam,menceracam
ceracau,menceracau
cerak,bercerak
cerancang,bercerancangan
ceratai,mencerataikan
ceratuk,berceratuk
cercap,mencercap
ceret,cerek
cericau,bercericau
ceritera,cerita
cerkas,cergas
cerkau,mencerkau
cerling,mencerling
cerocos,mencerocos
ceronggak,ceranggah
ceroteh,berceroteh
cerotok,ceratuk
cerowok,mencerowok
cerut,mencerut
ces,cos
cetai,bercetai-cetai
cetar,cetar-ceter
ceteng,menceteng
ciar,menciar-ciar
ciau,ciu
cibir,mencibir
cibit,mencibit
cicah,cecah
cicak,cecak
cici,cicit
cicih,cecah
cicip,mencicip
cicir,cecer
cidera,cedera
cikalang,cakalang
cikun,bercikun-cikun
cikut,cikutan
cilok,mencilok
cim,encim
cimpung,kecimpung
cincang,mencincang
cingah,cingangah
cingak,cingak-cinguk
cingbing,cengbeng
cingcau,cincau
cingcing,cincong
cingkau,cengkau
cingkeh,cengkih
cinteng,centeng
ciok,ciak
cipoa,sempoa
ciprat,menciprat
citak,cetak
cium,berciuman
clurit,celurit
coak,mencoaki
cobak-cabik,cabik
coblos,mencoblos
cocakrawa,cucakrawa
codak,mencodak
codang,codak
coket,mencoket
coklat,cokelat
cokol,bercokol
coleng,mencoleng
colet,colek
colong,mencolong
colot,mencolot
compreng,perahu
concong,menconcong
conet,menconet
congget,tercongget-congget
congkelang,congklang
congklak,congkak
congklang,mencongklang
congok,mencongok
congol,mencongol
contek,sontek
copar,cupar
copol,cupul
cor,mengecor
cotet,conet
cu,ciu
cuar,mencuar
cuat,bercuatan
cuban,coban
cuci-maki,maki
cucuh,mencucuh
cucup,mencucup
cugat,mencugatkan
cuit,bercuit-cuit
cukam,cekam
cukir,cungkil
cukur,bercukur
culi,coli
cumbul,cembul
cunda,cucunda
cungak,cungap
cungap,cungap-cangip
cunguk,cecunguk
cungul,mencungul
cunting,conteng
cupit,sumpit
cuplik,mencuplik
cureng,mencureng
curi,mencuri
curu,mencuru
dabak,mendabak
dabih,mendabih
dabik,mendabik
dabung,berdabung
dacing,dacin
dadak,mendadak
dadek,terdadek
daduh,mendaduh
daduk,mendaduk
dagel,mendagel
dakwat,dawat
daluwarsa,kedaluwarsa
dambun,dambin
damik,mendamik
dammah,damah
dampar,mendampar
dampil,berdampil
damprat,mendamprat
dangak,dongak
dangir,mendangir
danguk,berdanguk
dapar,bufer
daras,mendaras
darau,darat
darus,daras
dasa,dasa-
dastar,destar
dat,zat
daulah,daulat
dayu,mendayu
dayuh,terdayuh
dayuk,terdayuk
debar,berdebar
debet,debit
debitor,debitur
decah,decap
decus,desus
dedah,mendedahkan
dedai,berdedai-dedai
dedau,mendedau
deder,mendeder
deging,berdeging
dekah,berdekah-dekah
dekak,berdekak-dekak
dekam,berdekam
dekar,mendekar
deku,berdeku
dekus,berdekus
delat,berdelat-delat
delemak,delamak
delinggam,sedelinggam
delong,mendelong
deluang,jeluang
delujur,jelujur
delut,jelut
dembai,berdembai-dembai
demik,mendemik
demit,dedemit
dempet,berdempet
dempok,berdempok
dempuk,dempok
dena,dina
dengak,terdengak
dengap,berdengap
dengar,pendapat
dengkut,dengkur
densanak,dansanak
denyar,berdenyar
dep,mengedep
depang,mendepang
deponir,mendeponir
deprok,mendeprok
deraka,durhaka
derawa,gula
deres,menderes
derham,dirham
deria,indra
deriji,deruji
deringo,jerangau
deruji,jeruji
derun,derum
derut,derus
desinfektan,disinfektan
detasir,mendetasir
detia,daitia
detil,detail
diagnosa,diagnosis
diah,diat
diang,berdiang
diar,memperdiarkan
diatonis,diatonik
dibujurkan,-penyakit
didih,mendidih
didik,mendidik
digen,degen
dikir,zikir
diksa,berdiksa
dilak,mendilak
dinda,adinda
dingkit,berdingkit-dingkit
dipati,adipati
diris,mendiris
dirus,mendirus
disapu,-Allah
diskredit,mendiskreditkan
diwala,dewala
dodet,mendodet
dodor,kedodoran
dodos,mendodos
dogeng,dogel
dohok,terdohok
doklonyo,kelonyo
dolat,daulat
dolim,zalim
dolpin,dolfin
dompleng,mendompleng
dompol,berdompol
donatir,donatur
doncang,mendoncang
dongak,mendongak
dongkak,mendongkak
dorong,mendorong
dortrap,sepeda
dos,dus
dosin,lusin
dowel,kayu
drem,drum
dria,indra
dribel,mendribel
drop,mengedrop
dub,mengedub
dubila,setan
dublir,mendublir
dudu,mendudu
dudur,mendudur
duga,menduga
dugang,mendugang
dugas,mendugas
duh,aduh
dukung,berdukung
dulu,dahulu
dungas,mendungas
dunsanak,dansanak
dupak,mendupak
duren,durian
durna,durno
duru,berduru
dusin,mendusin
duwegan,degan
duyun,berduyun-duyun
eban,mengeban
ecek,ecek-ecek
ecer,mengecer
edap,dap
edar,beredar
edit,mengedit
efedrin,efedrina
egah,mengegah
egalitarisme,egalitarianisme
egat,mengegatkan
egol,mengegol
egos,mengegos
eja,mengeja
ejawantah,mengejawantah
ejek,mengejek
ekeh,terekeh-ekeh
eklektis,eklektik
ekopraksia,ekofraksia
eksim,eksem
eksoftalmia,eksoftalmos
eksoftalmus,eksoftalmos
ekspeditur,ekspeditor
eksploitir,eksploitasi
ekspo,eksposisi
eksportir,pengekspor
ekspos,mengekspos
ela,elo
elak,mengelak
elat,helat
elektromotif,tenaga
eliminir,eliminasi
elu,mengelukan
eluk,luk
elus,mengelus
emak,mak
embang,ambang
embar,mengembarkan
embara,mengembara
embat,mengembat
embol,mengembol
embut,mengembut
emis,mengemis
emol,mengemol
emong,mengemong
empar,mengempar
empas,mengempas
empela,ampela
empelas,ampelas
empenak,mengempenak
empet,empet-empetan
empik,mengempik
empo,mengempo
empoh,mengempoh
empot,empot-empotan
empul,mengempul
emrat,embrat
emut,mengemut
encal,encal-encal
encel,berencel-encel
endal,mengendal
endam,hendam
endoderm,endoderma
endon,mengendon
endong,mengendong
endus,mengendus
endut,endut-endut
enes,mengenes
engget,mengengget
enggok,enggokan
engkang,mengengkang
enjak,mengenjak
enjut,mengenjut
entak,mengentak
entas,mengentas
ente,anta
entot,mengentot
enyak,mengenyak
epak,mengepak
eram,mengeram
ereh,mengereh
eret,mengeret
erik,mengerik
erotik,erotis
esot,mengesot
eteris,asiri
etikat,iktikat
eyel,mengeyel
faks,faksmile
faksimili,faksimile
faraj,farji
fatsoen,fatsun
filosof,filsuf
fluor,fosfor
fobi,fobia
fondamen,fundamen
fora,forum
formatir,formatur
forsir,memforsir
fortin,barometer
foya,berfoya-foya
frase,frasa
fulan,polan
fuyonghai,puyonghai
gabihat,kabihat
gabungan kata,majemuk
gagai,menggagai
gagas,menggagas
gaguk,tergaguk-gaguk
gahar,menggahar
gail,gail-gail
gait,menggait
gajul,bergajul
galau,bergalau
galeng,galengan
gamik,menggamik
gamit,bergamit
gamma,gama
gampar,menggampar
ganang,gunung
gancar,gancaran
gandal,gandalan
ganden,gandin
ganggu,mengganggu
ganggu gugat,gugat
ganggut,mengganggut
gangsal,gasal
gangsang,gasang
gangsing,gasing
ganjak,berganjak
ganjar,mengganjar
ganjing,gonjang
ganjling,gonjlang
gantel,menggantelkan
gantih,menggantih
ganyah,mengganyah
ganyang,mengganyang
gapai,bergapaian
gaplok,menggaplok
gara,gahara
garap,menggarap
garuk,bergaruk-garuk
gasab,menggasab
gasak,gasak-gasakan
gasir,gangsir
gaswah,kaswah
gaul,bergaul
gaut gapai,gaut
gayuk,menggayuk
gayun,menggayun
gayut,bergayut
gebah,menggebah
geblak,menggeblak
gebok,menggebok
gebot,menggebot
gebrak,menggebrak
gebu,menggebu
gebuk,menggebuk
gebyur,menggebyur
gecek,menggecek
gedabak,gedebuk
gedabir,gelambir
gedang,gadang
gedok,gedokan
gedor,menggedor
geduyut,bergeduyut
gegak gempita,gempita
gegas,bergegas
gegau,tergegau
gejuju,menggejuju
gelabur,menggelabur
geladah,geledah
geladrah,menggeladrah
gelagak,gelegak
gelalar,menggelalar
gelana,gulana
gelandot,menggelandoti
gelangsar,menggelangsar
gelanting,menggelanting
gelantung,bergelantung
gelapur,gelepur
gelasar,gelangsar
gelatang,gelantang
gelatuk,menggelatuk
gelayangan,bergelayangan
gelayar,gelayaran
geleber,bergeleberan
gelecik,menggelecik
geledah,menggeledah
geledang,menggeledang
geleding,menggeleding
geledur,menggeledur
gelegak,bergelegak
gelekak,menggelekak
gelekek,menggelekek
gelembai,kelambai
gelembur,menggelembur
gelempang,gelimpang
gelenang,tergelenang
gelendot,bergelendot
gelenggang,gelinggang
gelentar,geletar
gelenting,menggelenting
gelenyar,menggelenyar
gelepai,menggelepai
gelepar,bergeleparan
gelepek,menggelepek
gelepok,gelepot
geler,gilir
gelesek,geleser
geleser,menggeleser
gelesot,menggelesot
geletak,menggeletak
geletar,menggeletar
geletek,gelitik
geletik,menggeletik
geletis,menggeletis
geletuk,menggeletuk
geliang,geliang-geliut
geliat,geliat-geliut
gelibir,menggelibir
geliga,guliga
geligis,menggeligis
geligit,menggeligit
gelimang,bergelimang
gelimantang,menggelimantang
gelimpang,bergelimpang
gelimun,bergelimun
gelincir,menggelincir
gelincuh,tergelincuh
gelinding,bergelindingan
gelindung,gelendong
gelingsir,bergelingsir
gelinjang,menggelinjang
gelintang,tergelintang
gelintar,menggelintar
gelintin,bergelintin
gelinting,menggelinting
gelipang,gelimpang
gelitar,menggelitar
geliting,gelitik
geliut,geliang
gelobok,menggelobok
gelohok,tergelohok
gelojak,gejolak
gelokak,gelopak
gelomang,gelimang
gelompar,menggelompar
gelonggong,bergelonggong
gelongsong,kelongsong
gelongsor,menggelongsor
gelontor,menggelontor
gelopak,menggelopak
gelorat,darurat
gelosang,menggelosang
geloso,menggeloso
gelosok,menggelosok
gelosor,gelongsor
gelotak,menggelotak
gelugut,bergelugut
gelulur,menggelulur
gelumang,gelimang
geluncur,tergeluncur
gelup,menggelup
gelupur,menggelupur
gelut,bergelut
gemak,menggemak
gemala,kemala
gemap,tergemap
gembar-gembor,bergembar-gembor
gembel,jembel
gembos,menggembos
gembut,bergembut-gembut
gementar,gemetar
gemercing,gemerencing
gemik,menggemik
geming,bergeming
gemit,gamit
gempita,menggempita
gempur,menggempur
genang,bergenang
gencer,gencar
gencir,gelincir
gendaga,kendaga
gendis,gendang
gendit,kendit
genih,genis
genjot,menggenjot
gentayang,gentayangan
genteng,genting
gentik,getik
geosinkronis,geostasioner
gepit,menggepit
gepok,bergepok-gepok
gera,menggera
geracak,gerecak
geradah,geledah
geragap,menggeragap
geragas,menggeragas
geragot,gerogot
gerami,gurami
geramus,menggeramus
gerangsang,berangsang
gerantak,menggerantak
geranyam,menggeranyam
gerapai,menggerapai
gerapu,bergerapu
gerat,menggerat
gerawat,menggerawat
gerayah,menggerayah
gerbak,menggerbak
gerbang gersul,gersul
gerbus,menggerbus
gerdam,gerdum
gerebak,gerebek
gerebek,menggerebek
gerecak,menggerecak-gerecak
gerecok,menggerecok
gerek,bergerek-gerek
geremet,menggeremet
gerenek,gerenik
gereneng,gerenengan
gerentam,gerentang
gerenyam,geranyam
gerenyet,menggerenyet
gerenyut,gerenyot
gerepe,menggerepe
gerepek,menggerepek
geresek,menggeresek
geret,menggeret
geretang,menggeretang
gergajul,bergajul
geridip,menggeridip
gerik,gerak
gerinyau,menggerinyau
gerinyut,gerenyot
gerita,gurita
geriuk,geriak
gero,menggero
geroda,garuda
gerogot,menggerogoti
gerombol,bergerombol
gerompok,menggerompok
geronggong,geronggang
geronium,geranium
gerontang,gerantang
geropes,gerupis
geropyok,menggeropyok
geros,menggeros
gerowot,menggerowot
gertap,gerlap
gerubuk,gerobok
gerugul,gerogol
gerumuk,menggerumuk
gerumut,menggerumuti
gerundel,menggerundel
gerunyam,menggerunyam
gerupis,menggerupis
gerupuk,menggerupuk
gesa,bergesa-gesa
gesau,desau
gesek,bergesek
gesel,bergesel
geser,bergeser
getik,menggetik
getil,menggetil
getu,menggetu
gewang,giwang
gibang,menggibang
gibas,kibas
gidik,bergidik
gigil,menggigil
gigit,menggigit
gilang,gilang-gemilang
gilas,menggilas
gili,menggili
giling,menggiling
gilir,bergilir
ginang,ginang-ginang
ginggang,genggang
gingsi,gengsi
gisar,menggisar
gisil,menggisil
gites,menggites
gitik,menggitik
giur,menggiurkan
gladi,geladi
glikosid,glikosida
gliserin,gliserol
glodok,gelodok
glondongan,gelondongan
gobah,gubah
gocek,menggocek
gocoh,bergocoh
goda,menggoda
godok,menggodok
godot,menggodot
goel,menggoel
gogo,gaga
gogoh,menggogoh
gogok,menggogok
gojlok,menggojlok
golak,bergolak
goleng,menggoleng
goler,bergoler
golpi,golbi
gombeng,menggombeng
gombrong,gombroh
goncang,guncang
gondol,menggondol
gonggong,menggonggong
gongseng,menggongseng
gonio,goniometri
gonjak,menggonjakkan
gonjok,menggonjokkan
gono-gini,gana-gini
gonrong,gondrong
gontok,bergontok
gonyak,menggonyakkan
gonyeh,menggonyeh
gonyel,menggonyel
gonyoh,menggonyoh
goreng,menggoreng
goroh,menggoroh
gorok,menggorok
gotes,menggotes
goyak,menggoyak
grafitasi,gravitasi
gregat,gereget
greget,gereget
greha,gerha
gria,griya
gubah,menggubah
gubar,gobar
gubit,menggubit
gubris,menggubris
gudam,godam
gugah,menggugah
guguh,mengguguh
guit,mengguit
gujirat,gunjing
gulir,bergulir
gulut,bergulut
gumbuk,menggumbuk
gundala,gundala-gundala
guntai,tanah
gunyam,menggunyam
gurem,guram
gurik,menggurik
gurit,menggurit
gusur,menggusur
gutik,menggutik
guyur,mengguyur
hadam,khadam
hadang,adang
halang,menghalang
halau,menghalau
halofita,halofit
hambur,berhamburan
hampar,menghampar
handal,andal
handam,andam
hangar,hanggar
hanyasanya,hanya
hapal,hafal
harafiah,harfiah
harawan,tunggang
haribaan,riba
harit,pengharit
hasut,menghasut
haula,haul
hektar,hektare
hela,menghela
helah,helat
hembus,embus
hempap,menghempap
hempas,menghempas
hendam,andam
hengit,terhengit-hengit
hentar,penghentar
herbivora,herbivor
hias,berhias
hibur,menghibur
hidang,menghidangkan
hidayat,hidayah
hidraulik,hidraulis
hidrolika,hidraulika
hidu,menghidu
hikam,hikmah
hilang-hilang,timbul
hilap,khilaf
hilau,berhilau
himbau,imbau
himpun,berhimpun
hinap,menghinap-hinap
hindar,menghindar
hingar,ingar
hipnose,hipnosis
hirau,menghiraukan
hirup,menghirup
hisap,isap
hodah,haudah
hol,haul
horak,orak
hubar,uber
hubung,berhubung
hukah,hokah
hulur,ulur
humbalang,hembalang
huni,berhuni
hunjam,menghunjam
hunjin,hujin
hunjuk,unjuk
hunus,menghunus
hutang,utang
huyung,terhuyung
ibah,hibah
ibing,mengibing
ibrit,mengibrit
ibuk,hibuk
Idulkurban,Iduladha
ihtiar,ikhtiar
ijeman,ijon
ikan gurita,gurita
ilai,mengilai
ilalang,lalang
ilar,mengilar
ilas,mengilas
ili,mengili
iling,mengiling
ilir,hilir
ilmu fisika,fisika
imak,mengimak
imang,timang
imbak,mengimbak-imbak
imbau,mengimbau
imbit,mengimbit
imkan,mengimkan
impi,mengimpikan
impit,berimpit
inap,lajak
incer,incar
incrit,mengincrit-incrit
indak,tidak
indap,berindap-indap
indera,indra
indik,mengindik
inding,menginding
indria,indra
infantri,infanteri
influensa,influenza
inga,teringa-inga
ingar,ingar-bingar
ingau,mengingau
ingsar,mengingsar
ingsut,beringsut
inkulturasi,enkulturasi
insektivora,insektivor
instalatir,instalatur
inta,anta
intai,mengintai
interen,intern
intermezo,intermeso
internir,menginternir
interpiu,interviu
interyeksi,interjeksi
intil,kintil
iprit,mengiprit
ipuk,mengipuk
irik,mengirik
iring,beriring
isap,mengisap
isolir,isolasi
istinja,beristinja
istirahat,singkat
isyu,isu
itarad,iktirad
itaraf,iktiraf
itibar,iktibar
itidal,iktidal
itikad,iktikad
itikaf,iktikaf
iur,iuran
Jabar,menjabarkan
jabat,menjabat
jabat tangan,tangan
jabel,jabal
jabir,berjabir-jabir
jadah,jadah
jahit,jelujur
jailangkung,jelangkung
jaja,berjaja
jajah,menjajah
jajak,menjajaki
jajal,menjajal
jaksi,topi
jalar,berjalaran
jalin,berjalin
jamaah,jemaah
jamah,menjamah
jaman,zaman
jambret,menjambret
jamin,menjamin
jamiyah,jamiah
jamrud,zamrud
jangkah,menjangkah
jangking,jongkang
jannah,janah
jantera,jentera
japuk,japu
jariat,jariah
jaringau,jerangau
jaru,jaharu
jasirah,jazirah
jawat,berjawat
jawil,menjawil
jazirat,jazirah
jebah,berjebah
jebai,berjebai
jebar,jebar-jebur
jebik,cebik
jeblos,menjebloskan
jebluk,menjebluk
jedot,menjedotkan
jegal,menjegal
jegil,menjegil
jejal,berjejal
jejamang,jamang
jejamu,jamu
jejawi,jawi
jeket,jaket
jela,berjela
jelabak,terjelabak
jelalat,jelalatan
jelanak,menjelanak
jelangak,menjelangak
jelantik,gelatik
jelapak,berjelapak
jelar,menjelar
jelau,menjelau
jelejeh,berjelejehan
jelempah,menjelempah
jelengar,menjelengar
jelentik,selentik
jelepok,menjelepok
jelih,menjelihkan
jelimet,menjelimet
jelimpat,menjelimpat
jeling,menjeling
jelir,menjelirkan
jelit,menjelitkan
jelma,menjelma
jelotong,jelutung
jelum,berjelum
jelungkap,menjelungkap
jeluntung,cacar
jelunut,menjelunut
jelut,menjelut
jemang,sejemang
jembak,menjembak
jemerlang,cemerlang
jempalik,jempalit
jempalit,berjempalitan
jemur,berjemur
jenayah,jinayah
jendal,jendal-jendul
jenela,jendela
jengat,jangat
jengek,menjengek
jenggar,jenggar-jenggur
jengget,jengket
jengguk,menjengguk
jenggut,menjenggut
jengit,menjengit
jengkelit,menjengkelit
jengkerik,jangkrik
jengket,berjengket
jengking,menjengking
jengkit,menjengkit
jengkolet,menjengkolet
jenguk,menjenguk
jengul,menjengul
jenius,genius
jenjeng,jinjing
jentur,jantur
jepet,jepit
jepit,menjepit
jeprat,menjeprat
jepret,menjepret
jerabai,berjerabai
jerafah,zarafah
jeragan,juragan
jerahak,terjerahak
jerahap,menjerahap
jerait,berjerait
jerajak,jerjak
jeramah,berjeramah
jerambai,berjerambai
jerang,menjerang
jerangkah,ceranggah
jerangkak,menjerangkak
jerangkang,berjerangkang
jerap,menjerap
jerba,menjerba
jerbak,menjerbak
jerejak,jerjak
jeremang,jermang
jeremba,menjeremba
jerembap,menjerembapkan
jerembat,terjerembat
jerembet,jerepet
jerembun,terjerembun
jerempak,berjerempak
jerepak,jerempak
jerigen,jeriken
jeringau,jerangau
jerobong,jerubung
jerohok,terjerohok
jerojol,menjerojol
jerongkes,jerungkis
jerongkok,menjerongkok
jerongkong,menjerongkong
jerpak,jerempak
jerukun,menjerukun
jerukup,menjerukup
jerumat,menjerumat
jerumbung,jerubung
jerumus,menjerumuskan
jerungkau,menjerungkau
jerungkung,menjerungkung
jerungkup,jerukup
jerunuk,terjerunuk
jetis,menjetis
jewer,menjewer
jiarah,ziarah
jibaku,berjibaku
jibilat,jibilah
jidal,bidal
jidor,jidur
jijit,menjijit
jijitsu,yuyitsu
jila,terjila
jilam,menjilami
jilat,menjilat
jimbit,menjimbit
jimpit,menjimpit
jina,zina
jinawi,loh
jinayat,ginayah
jinem,keraton
jingap,menjingap
jingau,menjingau
jingkat,berjingkat
jingkau,jangkau
jingkik,berjingkik
jingkrak,berjingkrak
jingu,menjingu
jiplak,menjiplak
jipsi,gipsi
jitak,menjitak
jiwit,menjiwit
joak,juak
joang,juang
jobak,berjobak
jodong,menjodongkan
Jogi,Yogi
jokong,jongkong
jolak,berjolak
jolek,menjolek
jolok,menjolok
jolor,menjolor
jomblo,jomlo
jompak,berjompak
jonget,menjonget
jongkah,jongkang
jonjot,menjonjot
juandang,bujang
jubel,berjubel
jublek,menjublek
jubung,jerubung
jugi,yogi
Juja,Jauza
jujai,berjujai
jujat,jujah
juju,menjuju
jujuh,berjujuh
jujut,menjujut
jukung,jongkong
jumanten,jumantan
jumawa,jemawa
jumbul,berjumbul-jumbul
jumpa,muka
jumpalit,berjumpalit
jumput,menjumput
junam,menjunam
jundai,sijundai
jungat,menjungat
jungkal,balik
jungkang,jungkang-jungkit
jungkar,menjungkar
jungkat,jungkat-jungkit
jungkel,jungkal
jungkir,berjungkir
jungkir balik,balik
jungkit,menjungkit
jungkung,jongkong
juntai,berjuntai
juntrung,juntrungan
jupang,berjupang
jurah,jura
juran,joran
juriat,zuriah
Kaabah,Kakbah
kabab,kebab
Kabah,Kakbah
kabat,mengabat
kabruk,kabruk-kabrukan
kabuli,kebuli
kacang kedelai,kedelai
kacang mede,mede
kacau balau,kacau-balau
kacir,mengacir
kaco,kacau
kacoak,kecoak
kadaluwarsa,kedaluwarsa
kadha,kada
kaedah,kaidah
kahang,kohong
kahwin,kawin
kain antelas,antelas
kain basahan,basahan
kain belacu,belacu
kain beledu,beledu
kain belongsong,belongsong
kain cindai,cindai
kain cita,cita
kain damas,damas
kain dewangga,dewangga
kain dril,dril
kain kafan,kafan
kain kampuh,kampuh
kain kembayat,kembayat
kain lajak,lajak
kain lurik,lurik
kain pike,pike
kain poleng,poleng
kain popok,popok
kain songket,songket
kain tegarun,tegarun
kain terpal,terpal
kain tik,tik
kais,mengais
kakah,terkakah-kakah
kakar,kekar
kaki telanjang,ayam
kakok,mengakok
kalakatu,kelekatu
kalambak,kelembak
kalembak,kelembak
kalicau,mengalicau
kalifah,khalifah
kalih,berkalih
kalikasar,kalikausar
kalipah,khalifah
kalkarim,kalkarium
kalkausar,alkausar
kaluk,keluk
kalulus,kelulus
kamban,mengamban
kambau,kambar
kambrat,kamerad
kambus,terkambus
kameli,kambeli
kamfer,kamper
kamir,khamir
kamit,kamit-kamit
kamkama,kurkuma
kampai,berkampai
kampak,kapak
kampang,kapang
kampit,kampil
kampul,terkampul-kampul
kanaat,kanaah
kanah,kanaah
kanat,kanaah
kancana,kencana
kanceh,terkanceh
kandar,mengandar
kangguru,kanguru
kanjang,berkanjang
kansel,mengansel
kantar,berkantaran
kapah,terkapah-kapah
kapai,terkapai-kapai
kaparat,kafarat
kapilah,kafilah
kapir,kafir
kapit,pengapit
kaplars,kaplares
kapling,kaveling
kaplok,dada
kaplok dada,dada
kapu,kapu-kapu
kapulaga,kepulaga
kapung,terkapung-kapung
karaba,karamba
karau,berkarau
karbit,karbida
karbonium,karbon
kardan,gardan
kariah,qariah
karih,mengarih
karir,karier
karkausar,alkausar
karosel,korsel
karotin,karotena
karpus,kerpus
kartonis,kartunis
karuan,keruan
karut,berkarut
karyat,karyah
kasak-kisik,kasak-kusuk
kasemek,kesemek
kasiat,khasiat
kasima,kesima
kaso,kasau
kastil,kastel
kasuma,kusuma
kasumat,kesumat
kasuwari,kasuari
kaswi,kasui
katagori,kategori
katah,terkatah-katah
katalogus,katalog
katam,khatam
katan,khitan
kate,katai
katirah,ketirah
katistiwa,khatulistiwa
katlum,katelum
kaula,kawula
kaung,kawung
kausar,alkausar
kaut,mengaut
kaver,mengkaver
kavling,kaveling
kawatir,khawatir
kawul,kaul
kayai,mengayaikan
kayal,khayal
kayambang,kiambang
kayu cendana,cendana
kayu cendana kayan,kayan
kayu cendana pok,pok
kayu cendana sugi,sugi
kazanah,khazanah
kebambam,kebembem
kebin,kabin
kebit,kebat
kebo,kerbau
kebur,mengebur
kecai,berkecai
kecak pinggang,pinggang
kecam,mengecam
kecamuk,berkecamuk
kecimik,kecomak-kecimik
kecindan,kecandan
kecipung,kecimpung
kecuak,kecoak
keda,kedah
kedar,kadar
kedau,mengedau
kedek,kedek-kedek
kedele,kedelai
kedemat,khidmat
kedengkung,kedengkang
kedewaga,kedewas
kedongdong,kedondong
kedongkok,dongkok
keduk,teplok
kehel,terkehel
kejan,mengejan
kejar,berkejaran
kejibeling,kecibeling
kejolak,gejolak
kejuju,mengejuju
kekaras,karas
kekeh,terkekeh-kekeh
kekol,mengekol
kekudung,kerudung
kelab,malam
kelabak,kelabakan
kelabet,kelabat
keladau,mengeladau
kelai,mengelai
kelamai,gelamai
kelamarin,kemarin
kelandera,kelendara
kelantang,mengelantang
kelasah,kelasah-kelusuh
kelebat,berkelebat
kelebet,kelebek
kelebuk,ara
kelejat,berkelejat
kelelot,berkelelot
kelemantang,kalimantang
kelemarin,kemarin
kelembai,kelambai
kelemban,berkelemban
kelembubu,halimbubu
kelembung,gelembung
kelempai,terkelempai
kelemumur,kelemur
kelemunting,kemunting
kelenggara,mengelenggarakan
kelengking,kelengkeng
kelep,klep
kelepai,berkelepai
kelepat,mengelepat
kelepek,terkelepek
kelepur,mengelepur
kelesot,mengelesot
keletar,geletar
keleti,keliti
keliar,berkeliaran
kelibang,berkelibang
kelicih,kelicik
kelicik,gelicik
kelidai,kenidai
kelikah,khalikah
kelikik,mengelikik
kelimantang,kalimantang
kelincir,gelincir
kelinjat,terkelinjat-kelinjat
kelintar,berkelintaran
kelis,mengelis
kelisah,gelisah
kelit,berkelit
keloceh,celoteh
kelola,mengelola
kelolong,terkelolong
kelon,mengeloni
kelonet,sekelonet
kelosok,mengelosok
keloyak,berkeloyak
keloyor,mengeloyor
kelubak,terkelubak
kelubung,selubung
kelukur,berkelukur
kelumit,sekelumit
kelun,berkelun-kelun
kelupas,mengelupas
kelupur,mengelupur
keluruk,keruyuk
kelut,kelut-melut
keluwek,keluak
keluyur,berkeluyuran
kemak-kemik,kemik
kemal,berkemal
kemalai,gemulai
kemanakan,kemenakan
kemandang,kumandang
kembang biak,biak
kembara,embara
kembeng,mengembeng
kembol,mengembol
kembur,berkembur
kementam,berkementam
kemilau,kilau
keminting,kemiri
kemong,kemung
kempes,kempis
kemucing,kemoceng
kemudu,mengkudu
kemuncak,puncak
kemundir,kemendur
kemut,mengemut
kenang,mengenang
kenantan,kinantan
kencar,terkencar-kencar
kendak,gendak
kendana,mengendanai
kendara,terbang
kendong,mengendong
kendor,kendur
kengkang,kangkang
kenor,kenur
kensel,mengensel
kentong,kentung
kenung,kenong
kenyam,mengenyam
kenyap,kenyam
kenyit,mengenyit
kenyut,mengenyut
kepau,kepar
keplak,mengeplak
kepoh,mengepohkan
kepok,kepoh
keprek,mengeprek
kepris,mengepris
kepruk,mengepruk
kepudang,kepodang
kepung,berkepung
kepuyuh,puyuh
keraeng,karaeng
keram,mengeram
kerang bulu,batu
kerangga,kerengga
kerangkang,kelangkang
keranjat,terkeranjat
keratau,kertau
kerbuk,mengerbuk
kercing,mengercingkan
kercit,mengercitkan
kerdip,kedip
kerdum,kerdam
kerdut,kedut
kerebok,mengerebok
kereceng,mengerecengkan
kerekah,kerkah
kerekut,kerekot
kerempagi,kerampagi
keremunting,kemunting
keremus,mengeremus
keremut,keremot
kerencing,kerenting
kerenggamunggu,kardamunggu
kerengkiang,rengkiang
kerenyau,kernyau
kerenyit,kernyit
kerenyot,mengerenyot
kerenyut,kernyut
kerepai,kerpai
kerepak,kerpak
kerepek,keripik
kerepot,keriput
keretot,kerekot
keretut,kerekot
keriap,berkeriapan
keriat-keriut,keriang-keriut
keriau,berkeriau
kericau,berkericau
kerikit,mengerikiti
kerimuk,kerumuk
keringsing,geringsing
kerinjang,mengerinjang
kerinyut,kernyut
kerjang,udara
kerjap,mengerjap
kerkah,mengerkah
kerkau,mengerkau
kerkeling,kerakeling
kermunting,kemunting
kernai,mengernai
kernying,mengernying
kerobek,mengerobek
kerodong,kerudung
keronco,keroncor
keroncot,kerucut
kerongsong,kelongsong
keronsang,kerongsang
kerontang,kering
keropong,keropok
kerosang,kerongsang
kerosek,kerosak
kerot,kerang-kerot
keroyok,mengeroyok
kersen,kers
kersip,kedip
kerubian,kerubin
kerubung,berkerubung
kerukut,mengerukut
kerumit,mengerumit
kerumuk,berkerumuk
kerumun,berkerumun
kerumus,mengerumus
kerutak,mengerutak
kesam,berkesam
kesang,mengesang
kesek,mengesek
kesel,mengesel
kesi,kesu-kesi
kesiap,terkesiap
kesima,terkesima
kesiur,berkesiur
kesmaran,kasmaran
kesot,berkesot
kesuma,kusuma
kesumat,kesumat
kesut,terkesut-kesut
ketah,kutaha
ketap,mengetap
ketap-ketap,berketap-ketap
keter,fase
ketikan,tikan
ketil,berketil-ketil
ketimbung,kecimpung
ketimun,mentimun
ketimus,timus
ketis,mengetis
ketonggeng,ketungging
ketrek,mengetrek
ketrok,ketuk
ketual,katwal
kewuh,mengewuhkan
khabar,kabar
khalil,Allah
kharisma,karisma
khaul,haul
khudu,khuduk
khulak,khuluk
khusuk,khusyuk
kiah,mengiah
kiak,kiak-kiak
kibar,berkibar
kibernetika,sibernetika
kibik,kubik
kidab,kizib
kidamat,khidmat
kifarat,kafarat
kifayah,fardu
kijip,kejap
kiju,keju
kikih,terkikih-kikih
kikik,berkikikan
kimar,himar
kimbah,mengimbah
kimbang,berkimbang-kimbang
kimpa,kimpal
kimpus,terkimpus
kin,ken
kincah,mengincah
kincak,terkincak-kincak
kincau,mengincau
kindap,terkindap-kindap
kingka,kimkha
kingkip,kingking
kingkit,kingking
kinjat,terkinjat
kintar,kitar
kinyam,kenyam
kiong,keong
kip,kep
kipai,mengipaikan
kipal,kimpal
kipar,kepar
kiparat,kafarat
kiprat,mengipratkan
kiraah,qiraah
kiraat,qiraah
kirabat,kerabat
kiran,haji
kirap,mengirap
kirim,berkirim
kirung,berkirung
kiryah,karyah
kiryat,karyah
kisai,mengisai
kismet,kismat
kitik,mengitik
kiut,kicut
klas,kelas
klen,klan
klengkeng,lengkeng
klenteng,kelenteng
klobot,kelobot
klor,klorin
koar,berkoar
kobar,berkobar
kocoh,terkocoh-kocoh
kocor,mengocor
kohlea,koklea
kojah,khojah
kojol,terkojol-kojol
kokang,mengokang
kokoa,kakao
kokoh,kukuh
kolah,kulah
kolang-kalik,kolang-kaling
kolembeng,kolomben
koliseng,ginseng
kolomnis,kolumnis
komariah,kamariah
komit,mengomit
komkoma,kurkuma
komoditi,komoditas
kompes,mengompes
komplit,komplet
kon-,ko-
konan,mengonan
konfrontir,konfrontasi
kongkol,sekongkol
kongkow,kongko
kongkret,konkret
kongkurs,konkurs
konperensi,konferensi
konsentrik,konsentris
konsinyering,konsinyasi
konsortium,konsorsium
konstatir,mengonstatir
koordinir,koordinasi
kopah,berkopah-kopah
kopeling,kopling
koperatif,kooperatif
koperativisme,kooperativisme
kopor,koper
kopyok,mengopyok
korden,gorden
kores,gores
koret,koretan
korma,kurma
korsi,kursi
korum,kuorum
kos,indekos
kosambi,kesambi
kosek,mengosek
kosel,terkosel-kosel
koset,keset
kotah,sekotah
kotbah,khotbah
koteng,terkoteng-koteng
koterek,kotrek
kotes,mengotes
kowak,kuak
krah,kerah
krai,kerahi
krail,kerahi
krakal,kerakal
krama,kromo
kran,keran
krebo,kribo
krematori,krematorium
kreseh-peseh,kareseh-peseh
kriminil,kriminal
kriterium,kriteria
krom,kromium
kromong,gambang
kroniometri,kraniometri
ksatria,kesatria
kua,koa
kuai,terkuai-kuai
kuartir,kwartir
kuarza,kuarsa
kuatir,khawatir
kuayah,kuayah
kubit,mengubit
kucandan,kecandan
kucek,mengucek-ngucek
kucil,mengucil
kucindan,kecandan
kucung,kocong
kucut,kecut
kuda karengga,karengga
kuda teji,teji
kudang,kudangan
kudi,kodi
kudidi,kedidi
kudil,kudis
kueni,kuini
kuetiau,kwetiau
kuing,kaing
kuit,gamit
kuja,khojah
kukang,kungkang
kukuk beluk,kokokbeluk
kukut,kokot
kulambai,kelambai
kulari,kelari
kuldi,khuldi
kulikat,kelikat
kulimat,berkulimat
kulintang,kolintang
kulio,kalio
kulit padi,sekam
kulkulah,kalkalah
kulzum,laut
kuma-kuma,kurkuma
kumala,kemala
kumango,kumanga
kumayan,kemenyan
kumbah,mengumbah
kumbara,embara
kumel,kumal
kumkuma,kurkuma
kumpar,mengumpar
kumpul,berkumpul
kumur,berkumur
kumut,berkumut
kuna,kuno
kunar-kunar,berkunar-kunar
kuncir,kucir
kuncit,kucir
kunir,kunyit
kuntit,menguntit
kunyah,mengunyah
kuotum,kuota
kupas,mengupas
kupil,mengupil
kupu,kufu
Kuran,Alquran
kuricak,kuricakan
kurung kurawal,kurawal
kuruyuk,kukuruyuk
kus,dekus
kusal,mengusal
kusau,berkusau-kusau
kusen,kosen
kusik,berkusik
kusruk,mengusruk
kusti,gusti
kuta,berkuta
kutbah,khotbah
kutik,berkutik
kutika,ketika
kutilang,ketilang
kuting,berkuting-kuting
kutip,mengutip
kuwalat,kualat
kuyam,koyam
kwartet,kuartet
kweni,kuini
kwiz,kuis
kwosien,kuosien
lab,laboratorium
labah-labah,laba-laba
labrak,melabrak
labrang,laberang
labun,berlabun-labun
lacut,melacut
laden,meladeni
lagang,melagang
lahat,lahad
lahip,daif
lailat,lailah
laip,daif
laka,lak
lakak,melakak
lakri,lakeri
lalak,melalak
lalalat,dalalat
lalau,melalau
laler,lalat
lalim,zalim
lamar,melamar
lambai,berlambai-lambai
lamender,lemender
laminah,lamina
lampan,melampan
lampar,berlampar
lampir,melampiri
lampoyang,lempuyang
lampoyangan,lempuyangan
lampung,melampung
lancit,lencit
lancong,melancong
lancur,melancur
landau,melandau
landut,landung
langah,melangah
langak-languk,langak-longok
langca,lancia
langcia,lancia
langgan,berlanggan
langgang,langgang
langgung,melanggungkan
langkang,memperlangkangkan
langkitang,lengkitang
langkuas,lengkuas
langsang,langseng
langsep,langsat
languh,lenguh
langut,melangut
lanja,melanja
lanjau,terlanjau
lanjuk,telanjuk
lansai,langsai
lansar,langsar
lansat,langsat
lansekap,lanskap
lansi,langsi
lansia,usia
lantan,melantan
lantera,lentera
lantur,melantur
lanus,melanus
lanyak,melanyak
laoteng,loteng
lapad,lafal
lapal,lafal
lapaz,lafal
lapih,berlapih
lapo,lepau
lapur,berlapur
larai,melarai
larih,berlarih-larih
lasit,lesit
lasykar,laskar
latam,melatam
latang,jelatang
latas,melatas
latih,berlatih
latis,melatis
latma,bersama
latu,lelatu
laun-laun,hari
lavender,lavendel
lawat,melawat
lawean,lema
layam,melayam
layan,melayani
layat,melayat
layuk,melayuk
lazat,lezat
lebang,pinggang
lebas,melebas
leber,luber
lecer,lecet
leci,lici
lecit,melecit
lecun,melecun
lecur,melecur
ledak,meledak
ledeng,leding
ledos,meledos
leduk,meleduk
ledung,meledung
legah,lega
legalisir,legalisasi
lego,melego
legojo,algojo
legu,melegu
legundi,lenggundi
lehar,rehal
lejit,melejit
lekah,rekah
lekam,melekam
lekemia,leukemia
lekosit,leukosit
leku,meleku
lelabah,laba-laba
lelabi,labi-labi
lelai,melelai
lelak,rerak
lelangit,langit-langit
lelangse,langsai
lelar,memperlelar
lelawa,kelelawar
lelep,melelepkan
leli,lili
lelung,lelang
lembab,lembap
lembai,melembai
lembak,melembak
lemban,lembam
lembega,rembega
lembesu,tembesu
lembik,lembek
lembusir,lemusir
lemender,lamender
lemidang,lembidang
lempah,limpah
lempai,berlempaian
lempam,lempem
lempang,melempang
lempap,melempap
lempedu,empedu
lempem,melempem
lempenai,lampeni
lempeni,lampeni
lempoh,lempuh
lempok,lempuk
lempuh,melempuh
lemukat,melukut
lemukut,melukut
lemungsir,lemusir
lemuru,lemburu
lenan,linen
lencet,lecet
lencit,melencit
lenda,melenda
lendeh,melendeh
lender,lendir
lendot,melendot
lenga,bijan
lengak,melengak
lengau,langau
lenger,lengar
lenggak,melenggak
lenggara,selenggara
lenggong,melenggong
lenggor,melenggor
lengkas,langkas
lengkesa,berlengkesa
lengkiang,rangkiang
lengos,melengos
lengset,belengset
lenjan,melenjan
lenser,lengser
lenset,lengset
lentun,lantun
lenyeh,melenyeh
leontin,liontin
leot,meleot
lepit,melepit
leplap,liplap
lepot,berlepotan
leram,deram
lerik,derik
lerok,melerok
lerot,berlerot
lerum,derum
lesah,lasah
lesang,melesang
lesat,pelesat
lesau,desau
lesek,lasak
leset,peleset
lesih,lesi
lesot,melesot
letek,peletek
letis,meletis
letos,meletos
lewa,melewa
lewah,melewah
lewar,melewar
leyeh,leyeh-leyeh
leyot,meleyot
liang lahat,lahad
liau,meliau
libas,melibas
libat,berlibat
libereto,libreto
ligar,berligar-ligar
ligas,meligas
ligat,meligat
ligih,meligih
lihat,melihat
likut,berlikut
lilah,melilah
lilau,melilau
limbai,melimbai
limbak,berlimbak-limbak
limbur,melimbur
limfopenia,limfositopenia
limonade,limun
limpap,berlimpap
limpau,melimpaui
limut,melimut
linan,linen
linang,berlinang
lincam,melincam
lindak,berlindak-lindak
lindas,melindas
lindik,melindik
lindis,melindis
lindur,melindur
lingar,melingar
linggam,sedelinggam
lingkis,melingkis
lingkung,melingkung
linjak,melinjak
lintadu,sentadu
linyar,melinyar
liput,meliput
lisani,huruf
litsus,khusus
liver,lever
lobang,lubang
locok,melocok
locot,melocot
loha,duha
lohor,zuhur
lokalisir,lokalisasi
loktong,loki
lombar,melombar
lomot,melomot
lompok,berlompok-lompok
lonco,melonco-lonco
londong,melondong
longak-longok,melongak-longok
longo,melongo
longok,melongok
longong,terlongong-longong
lonsong,terlonsong
lontai,melontai
lorot,melorot
losin,lusin
loso,meloso
losong,kosong
loyong,meloyong
luap,meluap
luasa,leluasa
lubur,belubur
luhak,luak
luik,meluik
lukat,melukat
lukis,melukis
lulum,melulum
lum,masak
lumai,hutan
lumang,berlumang
lumar,berlumar
lumas,melumas
lumpuk,melumpukkan
lumur,berlumur
luncur,meluncur
lungsar,terlungsar
lungsung,melungsung
lunjur,berlunjur
lunta,terlunta
luntang-lantung,lontang-lantung
lunyah,melunyah
lupi,papan
lupuh,melupuh
lupung,jantan
luru,meluru
luyut,berluyutan
ma,mak
mabir,tabir
macakal,gending
macang,embacang
macat,macet
mada,madar
madaliun,medalion
madarat,mudarat
madarsah,madrasah
maddah,madah
madia,madya
maesan,nisan
magep-magep,megap-megap
magfirat,magfirah
magik,magis
magnetik,magnetis
magobi,mahoni
mahaligai,mahligai
mahbubat,mahbubah
mahful,mahfuz
mahisa,mahesa
mahraj,makhraj
mahsar,mahsyar
mahsul,hasil
mahzab,mazhab
mai,puki
mait,mayat
maja-muju,jemuju
majer,majir
majilis,majelis
majlis,majelis
majuj,yakjuj
makas,mangkas
makena,mukena
makota,mahkota
makroni,makaroni
maktub,termaktub
makyung,makyong
malaik,malaikat
malak,malaikat
malakama,malakama
malakulmaut,malaikatulmaut
malangkamo,malakama
malau,embalau
malaun,malun
malin,malim
mamah,memamah
mamar,mamang
mampat,pampat
mancis,macis
mancit,mencit
mancur,pancur
mandarsah,madrasah
mandiang,mendiang
mandulika,mandalika
mandur,mandor
manggistan,manggis
manggusta,manggis
manggut,anggut
mangkah,mangkar
mangkal,pangkal
mangkara,makara
mangkih,cangkih
mangkin,makin
mangkokan,mangkok
mangsai,masai
manikin,maneken
manjakani,majakane
manjau,bermanjau
mantari,mentari
mantera,mantra
manti,menteri
mantol,mantel
manyala,nyala
mapak,papak
marfuk,hadis
marhum,almarhum
marhumah,almarhumah
marihuana,mariyuana
marikan,merikan
marjin,margin
marjinal,marginal
marjinalisasi,marginalisasi
marka,markah
marmar,marmer
marmut,marmot
marut,carut
marwah,muruah
marzipan,marsepen
masai,kusut
masal,massal
masap,memasap
masarakat,masyarakat
masgul,masygul
mashaf,mushaf
mashur,masyhur
masokisme,masokhisme
masori,masohi
masoyi,masoi
mastautin,bermastautin
masyakat,masyakah
masyhaf,mashaf
masyuk,asyik
mataliur,mitraliur
mateng,matang
materai,meterai
matres,matris
matur,paduka
maulaya,maulai
maupun,mau
mawas diri,diri
mawat,mati
mawin,kawin
mawon,mawon
mayar,kelemayar
mayas,mawas
mayit,mayat
mayur,sayur
mazkur,termazkur
mecis,macis
medeli,medali
meduk,medok
mejelis,majelis
mejen,mejan
mekis,mengkis
melaka,malaka
melambing,melambang
melankonis,melankolis
melapari,malapari
melerang,belerang
melesat,pelesat
meleset,peleset
meling,meleng
melotot,pelotot
melpari,malapari
mem-,me-
memandai,diri
memayah-mayahkan diri,memayah-mayahkan
membacang,embacang
membang,mambang
membanter,biola
membruk,mambruk
memerang,memberang
memerhatikan,memperhatikan
memetang-metangkan,hari
mempedal,empedal
mempelas,akar
memunyai,mempunyai
memur,memar
men-,me-
menalu,benalu
menarungkan nyawa,jiwa
menasabah,munasabah
menat,minat
menatu,penatu
mencok,menclok
mencret,menceret
mendali,medali
mendalika,mandalika
mendalu,benalu
mendasun,tunggal
mendeleka,mandalika
mendelika,mandalika
mendem,mendam
mendeng,sendeng
mendora,mendura
mendreng,mindring
menepaat,manfaat
menetal,menetalkan
meng-,me-
mengah,termengah-mengah
menge-,me-
mengeh,mengi
menget,senget
mengga,semengga
menggerib,magrib
mengicip,cicip
mengkar,mekar
Mengkara,Makara
mengkarung,bengkarung
mengkawan,bengkawan
mengkel,mengkal
mengkelan,termengkelan
mengkerat,mengkeret
mengkilap,kilap
mengkilat,kilat
mengking,cengking-mengking
mengkirik,kirik
mengkis,memengkis
mengkuang,bengkuang
mengok,mengot
mengor,mengot
mengsong,mengsol
mengung,termengung
mengunggas,puding
menila,manila
menira,manira
menjak,semenjak
menjana,semenjana
menjelai,jelai
menjelis,majelis
mens,menstruasi
mensiu,mesiu
menta,meta
mentang,mentang-mentang
mentangur,bentangur
mentelah,sementelah
menteros,matros
mentika,mestika
mentua,mertua
menturung,benturung
menung,bermenung
meny-,me-
menyadar,-arwah
menyan,kemenyan
menyawak,biawak
menyepikan,-diri
meram,merem
merangkit,rangket
merbak,semerbak
merbaya,bahaya
merbot,marbut
merca,murca
mercapada,marcapada
mercu suar,mercusuar
mercun,mercon
mercupada,marcapada
mereng,miring
merguk,berguk
mering,kurus
merino,domba
merjer,merger
merpelai,mempelai
merta,serta
mertega,mentega
merual,merawal
merubah,mengubah
merubu,merubu-rubu
merut,kerut
mesigit,masjid
mesjid,masjid
meskat,maskat
mesta,semesta
mesui,masoi
mesut,kusut
met-,meta-
metafisik,metafisika
metonimi,metonimia
mezbah,mazbah
miap,tiap
midik,midik
mikroba,mikrob
milioner,miliuner
minantu,menantu
minatu,penatu
mipis,tipis
mirai,tirai
misua,misoa
mocok,pocok
moga,moga-moga
molotov,bom
mong,mung
mongkor,mungkur
morak,morat-marit
morak-marik,morat-marit
moreng,coreng
morse,kode
mozah,mojah
muadin,muazin
muasal,asal
mucikari,muncikari
mudakar,muzakar
mudun,bermudun
muhit,almuhit
muih,muih
muk,mok
mulat,mulato
mules,mulas
multimilioner,multijutawan
mulur,memulur
mumur,hancur
muna,muno
muncung,moncong
mungguk,munggu
munisi,amunisi
mupaham,mufaham
mupakat,mufakat
muparik,mufarik
murat-marit,morat-marit
murba,Wisesa
musabakah,musabaqah
musafar,musafir
musi,mungsi
musola,musala
muson,monsun
mustak,musytak
mustami,mustamik
musti,mesti
mustika,mestika
musyawarat,musyawarah
musykil,muskil
mutabar,muktabar
mutamad,muktamad
mutmainah,nafsu
muwarikh,muarikh
na,nah
naas,nahas
nadar,nazar
nadirat,nadir
nafas,napas
nahak,ternahak
nahkoda,nakhoda
nahwu,nahu
naik pelaminan,pelamin
najasat,najasah
naka,bernaka-naka
nakoda,nakhoda
nala,bernala-nala
nalih,nali
nampak,tampak
nampal,napal
nanda,ananda
nangkoda,nakhoda
napi,nafi
napsi,nafsi
napsu,nafsu
narawastu,narwastu
narestu,narwastu
narkotika,narkotik
narsisme,narsisisme
nasakh,menasakhkan
nasehat,nasihat
nasi beriani,beriani
nau,enau
nawastu,narwastu
nayaga,niyaga
neces,necis
negari,nagari
neka,aneka
nekad,nekat
nekel,nikel
nenar,nanar
nenas,nanas
nenekanda,nenenda
nenes,menenes
neonatal,neonatus
neonisasi,peneonan
netralisir,netralisasi
nganga,menganga
ngeang,hantu
ngenas,mengenas
ninitowong,ninitowok
nipas,nifas
nir,nir-
niru,nyiru
niur,nyiur
nomer,nomor
nonoh,senonoh
notulen,notula
nukil,menukil
nukleat,asam
nurmala,nirmala
nyah,enyah
nyamik,nyamikan
nyampang,senyampang
nyanya,menyanya
nyanyi,bernyanyi
nyanyu,menyanyu
nyenyeh,menyenyeh
nyenyet,nyenyat
nyonyong,menyonyong
nyonyor,menyonyor
nyonyot,nyunyut
obrak-abrik,ubrak-abrik
obrol,mengobrol
obyek,objek
obyektif,objektif
obyektivisme,objektivisme
obyektivitas,objektivitas
oceh,mengoceh
ogam,mengogam
ojah,oja
ojeg,ojek
ojok,mengojok
oktan,oktana
olah tubuh,olahraga
olah-olah,-
olek,mengolek
oles,mengoles
olet,mengolet
olia,aulia
ombang-ambing,mengombang-ambing
omel,mengomel
omnivora,omnivor
omprong,mengomprong
omset,omzet
on,ons
once,cangklong
ondok,mengondokkan
ongkok,mengongkok-ongkok
onta,unta
onyok,mengonyok
onyot,mengonyot
opau,pao-pao
oper,mengoper
oplet,opelet
orasio,orasi
oreol,aureol
orisinil,orisinal
orografik,curahcurahan
ose,kacang
otak-atik,mengotak-atik
otentik,autentik
otoaktivitas,autoaktivitas
otobiografi,autobiografi
otodidak,autodidak
otograf,autograf
otografi,autografi
otokrasi,autokrasi
otokrat,autokrat
otokritik,autokritik
otomasi,automasi
otopsi,autopsi
otorita,otoritas
otoritarian,otoriter
otoritet,otoritas
ovari,ovarium
pacat,pacet
pacek,berpacek
pacik,memacik
pacis,pacih
padepokan,pedepokan
padusi,pedusi
paedah,faedah
paes,memaes
pagas,memagas
pahing,paing
pajan,memajankan
pajang,memajang
pakbon,vakbon
pakma,patma
pakuk,memakuk
palar,memalarkan
palasik,pelesit
pale,memale
pali,pemali
palm,palem
palma,palem
palmit,palmin
palolo,cacing
palun,berpalun-palun
pampang,memampang
pancal,memancal
pancalomba zaman,Yunani
pancar,gas
pancar terus,memancarteruskan
pancit,memancit
panco,berpanco
pancur,memancur
pancut,memancut
pangah,terpangah
panggil,memanggil
pangkas,berpangkas
pangkek,memangkek
pangku,berpangku
pangkung,memangkung
pangus,pangus
panili,vanili
panitra,panitera
panja,panja
panjat,tebing
panjer,panjar
pantak,memantak
pantar,sepantar
panting,berpantingan
pantul,memantul
panu,panau
papat,pepat
papras,memapras
parab,paraban
paraid,faraid
parampara,paranpara
parih,memarih
parik,porak-parik
parji,farji
paro,paruh
partial,parsial
parun,memarun
pasanggrahan,pesanggrahan
paset,faset
pasi,pucat
pasik,fasik
pasirah,pesirah
pastori,pastoran
pastur,pasteur
pasuk,berpasuk-pasuk
pateram,petaram
patikim,tikim
payir,pair
pecah beling,kejibeling
pecat,memecat
pecok,pecak
pedagogik,pedagogis
pedah,padah
pedu,empedu
pegah,terpegah
pegan,terpegan
pegang,berpegang
pegat,memegat
pegawam,peguam
pekah,nafkah
pekam,pakem
pekatul,bekatul
pekau,memekau
pekis,memekis
pekong,toapekong
peku,sepeku
pekur,tafakur
pel -- an,--an
pel-,per-
pelanting,terpelanting
pelapah,pelepah
pelas,memelas
pelaspas,memelaspas
pelbaya,pelebaya
pelecok,terpelecok
pelekok,terpelekok
pelembaya,pelebaya
pelempap,telempap
pelencit,terpelencit
pelengak,terpelengak
pelesat,memelesat
peleset,memeleset
pelesir,berpelesir
peletek,memeletek
peleting,peleting
pelintir,memelintir
pelok,peluk
pelopak,kelopak
pelosot,terpelosot
pelotot,memelotot
pelungpung,pelumpung
pem -- an,--an
pem-,peng-
pemetang-metangan,hari
pemindang,pemidang
pen-,peng-
penaga,menaga
pencar,berpencar
pencil,memencil
pencut,kepencut
penda,memenda
pendam,memendam
pendongkok,dongkok
penge -- an,--an
penge-,peng-
peniaram,penaram
penomah,raja
pental,terpental
pentang,mementang
pentilasi,ventilasi
peny -- an,--an
peny-,peng-
penyet,penyek
perah,memerah
perancit,pancit
perangah,memerangahkan
peranggi,peringgi
peranjat,terperanjat
perata,berperata
perbegu,pelebegu
percit,memercit
percul,tepercul
peredus,terperedus
pereh,terpereh-pereh
perengkat,peringkat
perenyak,terperenyak
perenyuk,terperenyuk
pergat,fregat
pergata,fregat
pergedel,perkedel
pergok,memergoki
pergul,pergol
perhati,berperhatian
periksa,teliti
perimping,perimpin
perinci,memerinci
perji,farji
perlintih,perlenteh
perlus,teperlus
permak,memermak
pernak,pernik
pernekel,pernikel
pernel,flanel
perogol,memerogol
peronyok,terperonyok
perop,prop
perosok,terperosok
perponding,tanah
perselah,perslah
persero,pesero
personil,personel
pertal,al
pertepel,portofolio
pertolehan,hari
peruak,terperuak
perugul,perogol
peruk,memeruk
perusa,memerusa
perwatin,batin
pesai,berpesai-pesai
pesemendan,pasumandan
peset,pesek
pesok,pesuk
pestol,pistol
petantang-petenteng,petenteng
petas,petasan
petenteng,petentengan
petia,memetia
petik,memetik
peting,memeting
peturun,harimau
phi,fi
pialu,pialu
picah,pica
pici,peci
picit,memicit
pidada,pedada
pidi,memidi
pidit,geridit
pijah,memijah
pijak,pijak-pijak
pijit,memijit
pikup,pikap
pilah,memilah
pilih,bulu
pimpin,berpimpin
pinar,berpinar
pinas,penes
pincut,terpincut
pindai,memindai
pinding,kepinding
pinga,terpinga-pinga
pingit,berpingit
pingkal,terpingkal-pingkal
pingkau,terpingkau-pingkau
pingkel,pingkal
pinjak,pijak
pinjam,meminjam
pinsil,pensil
pintal,berpintal
pintas,memintas
pioner,pionir
pipil,memipil
pirasat,firasat
pirsawan,pemirsa
piruk,hiruk
pisak,pesak
pisuh,pisuhan
pitah,petah
pitanggang,pitanggang
pitar,memitar
pitih,pitis
pitrah,fitrah
piyama,piama
planel,flanel
plat,pelat
po,po
podak,pandan
pohon buah-buahan,buah
polisi perairan laut,perairan
politisi,politikus
polmak,polmah
polok,berpolok-polok
polonter,volunter
poma,poma-poma
pondamen,fundamen
pondasi,fondasi
pora,pesta
porot,memorot
porter,portir
pos wesel,wesel
poser,memposer
posfor,fosfor
prabawa,perbawa
prada,perada
prakira,memprakirakan
praktek,praktik
pramu,pramu-
prangas,pringis
prausul,prasaran
presidentil,presidensial
pringas-pringis,prangas
prive,privat
priyagung,priagung
priyayi,priayi
propinsi,provinsi
provokatur,provokator
publisir,publikasi
puerperium,puerpera
pugak,berpugak-pugak
pugas,memugas
puitik,puitis
pujut,memujut
pukat petarang,petarang
pules,pulas
puling,pialing
pulpa,pulp
pulun,berpulun-pulun
punggah,memunggah
punggawa,penggawa
pungkang,memungkang
pungkas,memungkasi
pungkir,mungkir
punguk,sepunguk
pungut,memungut
puntal,berpuntal-puntal
puntir,memuntir
puruk,memurukkan
puser,pusar
putarwali,bratawali
putih mata,mata
putih tulang,tulang
qudsi,hadis
rabet,merabet
rabik,rabit
racak,meracak
racuh,meracuh
rada,rada-rada
radah,meradah
rades,radis
ragbol,rakbol
ragung,teragung
rahsia,rahasia
rajalela,merajalela
rajang,merajang
rajuk,merajuk
rakah,merakah
rakap,merakap
raksamala,rasamala
rakung,rakungan
rakut,merakut
ramban,meramban
rambeh,merambeh
rambih,rambeh
rambutan rafiah,rapiah
rame,ramai
rampat,merampat
rampis,ramping
ramulus,ramus
ranai,rinai
ranca,meranca
rancam,rancaman
randah,pindah
randang,rendang
randau,merandau
randek,merandek
randih,rondah-randih
randung,merandungkan
rangai,merangai
rangda,randa
ranggak,meranggakkan
ranggul,meranggul
rangkak,merangkak
rangkam,merangkam
rangkang,merangkang
rangkas,ranggas
rangket,merangket
rangkit,rangket
rangkuh,rengkuh
rangkul,merangkul
rangkum,bunga
rangkun,rangkum
rangkus,merangkus
rangkut,merangkut
rangsel,ransel
rangsuk,rasuk
rangsum,ransum
ranguk,rango-rango
rangum,merangum
ranjing,keranjingan
ranju,ranjau
ranjungan,rajungan
rantak,berantakan
rantam,berantam
rantuk,merantuk
ranyau,meranyau
ranyun,meranyun
rapah,merapah
rapai,merapai
rapal,merapal
rapung,merapung
rapus,merapus
rarai,merarai
rarak,berarakan
rasai,merasai
ratap,meratap
ratas,retas
raup,meraup
rayah,merayah
rayan,merayan
rayang,merayang
rayau,merayau
rayun,rayu
rebat,merebat
rebes,berebesan
Rebo,Rabu
rebok,rebuk
rebong,rebung
rebu,merebu
rebus,merebus
receh,recehan
recehan,uang
redas,redah
redep-redup,alang
redusir,meredusir
regah,meregah
regas,meregas
regat,meregat
regim,rezim
regup,meregup
reja,reja-reja
Rejab,Rajab
rejah,merejah
rejam,rajam
rejan,merejan
rejeki,rezeki
rejeng,merejeng
rejim,rezim
rejuk,merejuk
reka,mereka
rekaat,rakaat
rekah,merekah
rekal,rehal
rekat,merekat
reken,mereken
rekisitor,rekuisitor
rekisitur,rekuisitor
relas,merelas
relawan,sukarelawan
remas,meremas
rematisme,rematik
rembat,rimbat
rembih,merembih
rembus,embus
remet,meremet
remiak,riak
rempa,merempa
rempelu,empedu
rempong,rimpung
rempuh,merempuh
rempuk,rembuk
rempus,rampus
remuni,rembunai
rena,rona
renai,rinai
renang,berenang
rencam,merencam
rencat,terencat
rencet,rentet
rencik,recik
rencis,renjis
rendam,berendam
rendeng,berendeng
rendong,terendong
rengah,engah
rengap,merengap
rengeh,merengeh
rengek,merengek
rengeng,merengeng-rengeng
renggek,rengek
rengges,ranggas
renggut,merenggut
rengka,rengga
rengkang,rangkiang
rengkeh,merengkeh
rengket,merengket
rengkiang,rangkiang
rengkuh,merengkuh
rengus,merengus
rengut,merengut
renjeng,merenjeng
renjong,renjeng
rentap,merentap
rentas,merentas
renteng,serenteng
rentet,berentet
renti,merentikan
rentik,merentik
renyeh,merenyeh
reot,reyot
repah,rapah
repak,repas
repek,repet
repertorium,repertoar
repes,merepes
repet,merepet
repis,repih
repolper,revolver
rerangka,rangka
reranting,ranting
rerongkong,rongkong
rerot,bererot
resap,meresap
residif,residivistis
resiko,risiko
resu,resi
retal,hartal
retek,meretek
retet,rentet
retok,recok
retoris,retorik
rewan,rawan
rewet,merewet
reyal,rial
rho,ro
riadah,riadat
riah,meriah
rialat,riadat
ricau,mericau
ricis,rincis
rihal,rehal
rihat,rehat
rilis,merilis
rimah,remah
rimbit,rembet
rimbu,rimba
rimih,rimis
rinci,perinci
rincih,rincis
rincis,merincis
rincuh,rincu
ringgik,renggek
ringih,meringih
ringik,meringik
ringis,meringis
ringkik,meringkik
ringking,meringking
ringkuk,meringkuk
ringkus,meringkus
ringsing,meringsing
rintak,rentak
rintas,merintas
rintih,merintih
rinyai,rinai
risak,merisak
risih,risi
ritel,retail
ritma,ritme
ritmik,ritmis
rituil,ritual
ritul,meritul
riung,meriung
rizeki,rezeki
rogoh,merogoh
rogok,merogok
rogol,merogol
rohmat,rahmat
roi,garis
rois,rais
rojabiyah,rajabiah
rojeng,merojeng
rojol,merojol
romet,meromet
romo,rama
romok,meromok
roncet,beroncet-roncet
ronda,meronda
rondok,berondok
roneo,meroneo
ronggoh,rungguh
ronggok,rongkok
ronggong,meronggong
rongkok,merongkok
rongos,merongos
rongot,rungut
rongrong,merongrong
ronsen,rontgen
ronta,meronta
ronyeh,meronyeh
rorod,merorod
rosbang,resbang
roseng,rongseng
rosok,merosok
rosot,merosot
rowa,rua
rowot,merowot
royak,meroyak
royer,meroyer
ru,eru
Ruah,Ruwah
rubanat,ruhbanat
rubayat,rubaiat
rubel,Uang
rubuh,roboh
rubung,merubung
rudah,ruadat
rugul,rogol
ruhani,rohani
rujah,merujah
rukiat,rukiah
rukyah,rukyat
rumal,ramal
Rumawi,Romawi
rumenia,remenia
rumpi,merumpi
rumrum,merumrum
rumuk,merumuk
rumung,merumung
runduk,merunduk
rundung,merundung
runggu,rungguh
runggut,merunggut
rungkai,ungkai
rungkau,merungkau
rungsing,rongseng
rungsum,rumrum
rungus,merungus
runjam,merunjam
runjang,merunjang
runjau,merunjau
runtai,meruntai
runtak,ronta
runtas,meruntas
runti,merunti
runtih,meruntih
runtuk,reruntuk
runyai,unyai
runyut,merunyut
ruok,meruok
rupee,Uang
ruruh,luruh
rutuk,merutuk
ruyat,rukyat
ruyatulhilal,rukyatulhilal
saadat,saadah
sabas,syabas
sabet,menyabet
sabot,menyabot
sadai,bersadai
sadap,menyadap
sadau,bersadau
sadran,menyadran
safaat,syafaat
safrah,seperah
sago,sagu
saguir,saguer
sagun,sagon
sahadat,syahadat
sahbandar,syahbandar
sahda,syahda
sahdan,syahdan
sahid,syahid
sahkan,usah
sahwat,syahwat
said,sayid
saidani,sayidani
saidi,sayidi
sait,sayat
saji,bersaji
sakap,menyakap
sakaratulmaut,sakratulmaut
sakelat,sekelat
sakhlat,sekelat
sakit raja singa,singa
saklar,sakelar
salada,selada
salap,salep
salasilah,silsilah
salawat,selawat
sale,salai
salih,saleh
salip,menyalip
salir,menyalir
salur,menyalurkan
salwat,selawat
samadi,semadi
sambar,bersambaran
sambet,kesambet
sambi,menyambi
sambit,menyambit
sambur,limbur
samidra,kayu
samin,minyak
sampat,mandi
sampeyan,sampean
sampi,sapi
samplok,bersamplok
sampuk,menyampuk
sampurna,sempurna
samsara,sengsara
samudera,samudra
samuh,persamuhan
sandel,kuda
sangga mara,sangga
sanggam,menyanggam
sanggama,bersanggama
sanggang,menyanggang
sanggep,menyanggep
sanggit,bersanggit
sangkayan,sengkayan
sangkela,sangkala
sangking,saking
sangkut,bersangkut
sangling,menyangling
sangrai,menyangrai
sangsang,menyangsang
Sangsekerta,Sanskerta
sanjung,menyanjung
Sanskrit,Sanskerta
santak,menyantak
santap,bersantap
santir,santiran
santron,satron
santu,santo
sanya,bahwasanya
sapai,sapai-sapai
Sapar,Safar
sarahan,syarah
sarakah,serakah
sardencis,sarden
sarekat,serikat
sarengat,syariat
sariat,syariat
sariawan,seriawan
sarikan,akar
sarip,syarif
saripah,syarifah
sarok,saruk
saruk,menyaruk
sarun,saron
sarwal,seluar
sasakala,dongeng
sasan,sasa
sasian,anak
sate,satai
satelit palapa,palapa
satih,menyatih
satria,kesatria
satron,menyatroni
satu meja,menyatumejakan
satu padu,padu
saujana,mata
saut,akar
savana,sabana
sawa,ular
sawer,menyawer
sayarah,siarah
sayet,benang
seba,berseba
sebam-sebam,saban-saban
sebar luas,menyebarluaskan
sebarang,sembarang
sebaur,menyebaurkan
sebeng,layat
sebet,sebat
sebih,tasbih
sebik,cebik
sebit,menyebit
sebrot,menyebrot
sebuk,menyebuk
seburus,hitam
sebut,menyebut
seceng,ceceng
secerek,sicerek
sedah,sadah
sedakap,sedekap
sedarum,sederum
sedativa,sedatif
sedawa,serdawa
sedekala,sediakala
sedekap,bersedekap
sederiah,sadariah
sedot,menyedot
sedua,menyedua
sedut,sedot
seg,sek
seguna,sekaya
seh,syekh
sehaja,sahaja
sejingkat,bersejingkat
sek,tembakau
sekaker,sekakar
sekap,menyekap
sekebun,kunang-kunang
sekedar,sekadar
sekedidi,kedidi
sekema,skema
sekering,sekring
sekh,syekh
sekin,sikin
sekonar,sekunar
sekonyar,sekunar
sekors,skors
sekosol,sekesel
seksama,saksama
sekuas,lemon
sekui,sekoi
sekuik,naga
selaber,selabar
selaju,berselaju
selampe,selampai
selampek,selampai
selampuri,selempuri
Selan,Sailan
selangka,tulang
selangkup,menyelangkupi
selapa,selepa
selaya,burung
selayut,selayun
sele,selai
selederi,seledri
seledup,seludup
seleler,berseleleran
selembada,selempada
selembana,menyelembana
selembubu,halimbubu
selempukau,silempukau
selempuri,kain
selender,silinder
selendro,slendro
selengat,selangat
selenggara,menyelenggara
selentik,menyelentik
selenting,menyelenting
seleo,keseleo
selepang,selempang
selepat,berselepat
selerak,berselerak
seletuk,menyeletuk
seleweng,menyeleweng
selibu,padi
selibut,berselibut
seligit,menyeligit
selimbu,selibu
selindit,serindit
selindung,berselindung
selingar,menyelingar
selingkit,berselingkit
selingkup,menyelingkup
selirak,berselirak
selirat,berselirat
selisik,menyelisik
selisip,menyelisipkan
seliu,keseleo
seliwer,berseliweran
selodang,seludang
selomot,menyelomoti
Selon,Sailan
selongkar,menyelongkar
selonjor,berselonjor
selonong,menyelonong
selosoh,selusuh
seloyong,seloyong-seloyong
seluduk,menyeluduk
seludup,menyeludup
selulup,berselulup
selulur,terselulur
selumu,berselumu
selundup,menyelundup
selungkap,jelungkap
selungkup,menyelungkup
selusup,menyelusup
sema-sema,sema
semalakama,malakama
semanda,semenda
semandarasa,semendarasa
semandarasah,semendarasa
semanja,semaja
semayam,bersemayam
sembai,menyembai
sembat,menyembat
sembawang,semawang
sembelih,menyembelih
semberani,sembrani
semberono,sembrono
sembilat,semilat
sembilik,puru
sembirat,sebacat
semboja,kemboja
sembrani,besikuda
semedera,samudra
semejak,semenjak
semejana,semenjana
semek,demek
semilir,silir
sempada,ketam
sempalai,tersempalai
sempana,sempena
sempil,menyempil
sempoa,swipoa
sempul,tersempul
semsem,sengsem
semudera,samudra
semuntu,simuntu
senario,skenario
senawan,ular
senawar,pinang
sendalu,angin
sendam,tersendam
sendar,bersendar
sendel,bersendel
sending,zending
sendorong,bersendorongan
senduk,sendok
Senen,Senin
sengam,menyengam
senggah,sanggah
senggara,selenggara
senggau,bersenggau-senggau
senggayut,bersenggayut
senggerahan,pesanggrahan
sengget,menyengget
senggiling,tenggiling
senggol,bersenggol
senggut,menyenggut
sengih,menyengih
sengkarut,bersengkarut
sengkek,singkek
sengkeling,bersengkeling
sengkil,duduk
sengkilit,menyengkilit
sengsem,tersengsem
senguk,sengak
sengut,tersengut-sengut
senjak,sejak
senjuang,lenjuang
senoyong,bersenoyong
sensur,sensor
sental,menyental
sentap,sentak
sentausa,sentosa
senteri,santri
sentiabu,setiabu
sentiasa,senantiasa
sentimentil,sentimental
sentiung,sentiong
sentrum,sentra
sentuh,bersentuh
sentuk,tersentuk
senuhun,sinuhun
senyak,senyap
seok,terseok-seok
sepahit,manis
sepai,bersepai
sepakbor,sepatbor
sepanduk,spanduk
sepangkalan,sipangkalan
sepasan,sepesan
sepatung,sipatung
sepekuk,spekuk
sepel,menyepel
seperitus,spiritus
sepersi,asperses
sepih,serpih
sepintas,lalu
sepion,spion
sepiritus,spiritus
sepon,spons
sepora,spora
seprei,seprai
sepui,sepoi
sepuk,menyepuk
sepulih,akar
sepura,spora
sera,tersera-sera
serabai,serabi
seraga,bantal
serampat,sengkelit
serampu,sumpah
serandung,terserandung
serangguh,seranggung
seranggung,berseranggung
serangsang,menyerangsang
seranta,menyerantakan
serapa,serapah
serapat,akar
serawan,rawan
serbak,menyerbak
serbi,serba
serbu,menyerbu
sereat,syariat
seregang,berseregang
sereh,serai
serempet,menyerempet
serengeh,menyerengeh
seresah,serasah
sergam,tesergam
sergap,menyergap
serigading,srigading
serigunting,srigunting
Serikandi,Srikandi
serimpet,menyerimpet
seringih,seringai
serkai,menyerkai
serlah,menyerlah
sernak,menyernak
serobok,berserobok
serobot,menyerobot
seroda,seruda
serodok,seruduk
serompok,terserompok
serondeng,serundeng
serondok,terserondok
serondol,menyerondol
serondong,menyerondong
seropot,menyeropot
serosoh,menyerosoh
serpa,serapah
serpai,serpih
serse,sersi
sertu,menyertu
seruak,menyeruak
serual,seluar
serudi,berserudi
seruduk,menyeruduk
serumat,akar
serundang,menyerundang
seruni,serunai
seruntun,akar
seruyuk,menyeruyuk
sesah,bersesah
sesai,uang
sesayup-sayup,-mata
setagi,setagen
setai,bersetai-setai
setakona,astakona
setambuk,stambuk
setambul,stambul
setandar,standar
setasiun,stasiun
seteker,steker
setempel,stempel
seten,stengun
seterap,setrap
seteria,satria
seterik,setrik
seterika,setrika
seteriman,setirman
seterimin,setrimin
seterip,setrip
seterum,setrum
seterup,setrup
setewel,setiwel
setinggil,sitinggil
setinja,istinja
setiwal,setiwel
setoka,ikan
setoker,stoker
setoples,stoples
setor,menyetor
setormking,stromking
setreng,streng
setrimin,strimin
setua,satwa
setungging,bersetungging
seujung,kuku
seupaya-upayanya,seupaya-upaya
sewah,sewar
sewaka,bersewaka
sewat,menyewat
si-,sin-
sia,sia-sia
siakon,bersiakon
siarat,siarah
siasah,siasat
siat,menyiat
sidaguri,seleguri
sidai,menyidai
sidekah,sedekah
sidingin,sedingin
siduga,bersiduga
sika,baju
sikah,rupiah
sikedidi,kedidi
sikeduduk,senduduk
sikejut,semalu
sikeras,keras
siketumbak,sikudomba
sil-,sin-
silaf,khilaf
silahkan,silakan
silaturahim,silaturahmi
silempukau,silampukau
silengah,bersilengah
silik,menyilik
sim-,sin-
simak,menyimak
simalu,semalu
simbukan,kesimbukan
simbur,bersimbur
simpat,kesimpatan
simpir,menyimpirkan
simpuk,menyimpuk
sinandung,senandung
sinatan,tamban
sinau,seminau
sinda,sanda
sineol,enkaliptol
singahak,tersingahak
singgir,menyinggir
singgit,bersinggit
singgul,menyinggul
singgung,bersinggungan
singkak,singkap
singkawang,tengkawang
singkeh,singkek
singkir,menyingkir
singkup,sekop
singse,sinse
singsing,menyingsing
sintese,sintesis
sintung,menyintung
sinyalir,mensinyalir
sipai,sipahi
sipasin,sepasin
sipilis,sifilis
sipoa,swipoa
siram,bersiram
sirangkak,serangkak
sirkit,sirkuit
sirobok,serobok
siru,bersiru
sirup,sirop
sisalak,bersisalak
sisih,menyisih
sisip,menyisip
sista,kista
sistim,sistem
sisurut,bersisurut
sitar,siter
sitawar,setawar
sitir,menyitir
siuk,menyiuk
siwar,sewar
Siwaratri,Syiwaratri
skors,menskors
slah,slahnya
sohor,kesohor
soja,bersoja
sojah,soja
soklat,cokelat
soko,saka
sokom,bersokom
solang,menyolang
solat,salat
solawat,selawat
soldadu,serdadu
sombol,menyombol
sompak,sompok
sompeng,sompek
somplok,bersomplokan
sompoh,menyompoh
sompok,tersompok
sondang,menyondang
sondek,mayang
sondol,sundul
songel,tersongel
soprano,sopran
sorban,serban
sorga,surga
sorgawi,surgawi
sorok,pintu
sortir,menyortir
sotor,sotoh
soun,sohun
sowang,soang
spakbor,sepatbor
spatbor,sepatbor
spedometer,spidometer
spektograf,spektrograf
spektogram,spektrogram
srempet,serempet
stek,setek
stemma,stema
sten,stengun
stepler,stapler
stilir,menstilir
stop,setop
sual,soal
sualak,solak
suang-suang,-
suarga,surga
subhat,syubhat
subyek,subjek
subyektif,subjektif
subyektivisme,subjektivisme
suci kuman,hama
sudagar,saudagar
sudara,saudara
sudur,sodor
sufah,ahli
sugar,menyugar
sugra,kiamat
suguh,menyuguhi
sugun,hantu
suhun,sekar
suipoa,swipoa
suir,langsuir
sujadah,sajadah
suk,syok
sukduf,sekedup
sukur,syukur
sulalat,sulalah
sulu,suluh
sulub,sulbi
sulup,selup
sumanda,semenda
sumangat,semangat
sumarak,semarak
sumbar,bersumbar
sumbel,sungsang
sumbur,menyumbur
sumpel,sumpal
sunam,menyunam
sundai,sundai
sundik,sondek
sundul,menyundul
sunggi,menyunggi
sunggit,menyunggit
sungkah,menyungkah
sungkal bajak,sungkal
sungkap,tersungkap
sungkuk,tersungkuk
sungkum,menyungkum
sunglap,sulap
sungsum,sumsum
sunjam,tersunjam
sunnah,sunah
suntih,menyuntih
suntik,menyuntik
sunu,menyunu
sunyata,kesunyataan
supai,sipahi
supir,sopir
supit,sumpit
suraya,bintang
surban,serban
suren,surian
suris,surih
surung,sorong
survai,survei
susul,menyusul
susup,sasap
suten,bersuten
swagriya,kredit
swanggi,daun
swarga,surga
switer,sweter
Syaban,Syakban
syafkah,syafakat
syagar,sakar
syahada,syahda
syahadan,syahdan
syaikh,syekh
syaitan,setan
syajar,khuldi
syajarat,sejarah
syakar,sakar
syakduf,sekedup
syamas,samas
syamsiat,syamsiah
syapaat,syafaat
syaraf,saraf
syarbat,serbat
syarekat,syarikat
syariah,syariat
syorga,surga
syubahat,syubhat
syufaat,syafaat
syuk,syok
syurah,syarah
syurga,surga
taawud,taawuz
tabe,tabik
tabi,tabik
tabok,menabok
tabun,menabun
tabur,bertabur
tadabur,menadaburkan
tadung,tertadung
taftah,tafeta
tagak,menagak
tagih,menagih
tahadi,tadi
tahalil,tahlil
tahar,bertahar
tahbis,menahbiskan
tahnik,menahnik
tahta,takhta
taja,menaja
takak,bertakak
takeh,tekar
takel,takal
takhlik,menakhlikkan
takol,menakol
takuh,takah
takung,bertakung
talah,bertalah-talah
talai,lalai
talar,bertalaran
talek,talk
talun,bertalun
tambal,sulam
tambat,bertambat
tambuh,bertambuh
tambus,menambus
tampek,campak
tampel,menampel
tampi,menampi
tampik,menampik
tanah warisan,waris
tanak,bertanak
tanam,bertanam
tanang,menanang
tancang,menancang
tanda koma,koma
tandang,bertandang
tangap,menangap
tangas,bertangas
tanggang,bertanggang
tanggar,menanggar
tanggulang,menanggulangi
tangkal,menangkal
tangkap,bertangkap
tangker,tanker
tangkis,menangkis
tangkuk,menangkuk
tangkut,tangkup
tanjidur,tanjidor
taoke,tauke
tapah,tapa
tapi,tetapi
taras,teras
tari kelewang,keris
tari pedang,keris
tari sikin,keris
tarikat,tarekat
tarip,tarif
tarkasy,tarkas
tarkhim,tarhim
tarpentin,terpentin
tarra,tara
tarub,tarup
taruko,teroka
taruna,teruna
tarung,bertarung
tasbeh,tasbih
tasdid,tasydid
tasmak,tesmak
tasyrik,hari
tatai,bertatai-tatai
tatak,tatakan
tatang,menatang
tatap,muka
tatapan,tetampan
tatih,bertatih-tatih
tating,menating
taubat,tobat
tauco,taoco
taufan,topan
tauge,taoge
taul,menaul
tauladan,teladan
taulan,tolan
taung,menaungi
taup,taut
taur,menauri
Tauret,Taurat
Taurit,Taurat
tawajuh,bertawajuh
tawarikh,tarikh
tayub,tayuban
tayum,tayum-temayum
tazir,takzir
tean,teyan
tebah,menebah
tebakang,tambakan
tebera,tambera
tebuan,tabuhan
tedarus,tadarus
tedong,tedong-tedong
tegor,tegur
teka,terka
tekan,bertekan
tekar,takeh
tekebur,takabur
tekel,menekel
tekoan,teko
tektek,tetek
tekua,takwa
tekup,tekap
telakan,telekan
telapa,telap
telapak,telapakan
telas,petelasan
telayan,nelayan
telegrap,telegraf
telekan,bertelekan
teleku,berteleku
telekup,tekup
telenan,talenan
telepa,telap
telerang,batu
telgram,telegram
telikung,menelikung
telimpuh,bertelimpuh
telimpung,telempong
telingkah,bertelingkah
telingkuh,telingkah
telipuk,telepok
telisik,selisik
telpon,telepon
telukup,telungkup
telungkup,bertelengkup
telusuk,menelusuk
telusur,menelusuri
telutut,menelutut
temadun,tamadun
temahak,temaah
temali,tali
temara,temara
temas,temas-temas
temasa,tamasya
temasya,tamasya
tematis,tematik
tematu,tembatu
temayun,ayun
tembekar,tembikar
tembem,tembam
tembiring,tembereng
tembis,menembis
tembola,tombola
tembu,kijang
tembusu,tembesu
temeh,temeh-temeh
temengalan,tengalan
temokus,kemukus
tempa,menempa
tempalak,tempelak
tempang,timpang
tempatan,hati
tempayang,kepayang
tempek,tepek
tempel,bertempel
temperau,bertemperau
tempiar,bertempiar
templok,menemplok
temponek,tempunai
temporok,porok
tempuras,temperas
temu ireng,hitam
temu lawas,lawak
temu pauh,mangga
temukus,kemukus
temuni,tembuni
tener,tiner
tenggak,menenggak
tenggek,bertenggek
tengger,bertengger
tenggiring,tenggiri
tenggulung,senggulung
tengker,tengger
tengkik,tengkek
tengkok,tengkuk
tengkolak,tengkulak
tengkolok,tengkuluk
tengkurup,tengkurap
tenguh,lenguh
tenjet,bertenjet
tenok,menenok
tentera,tentara
tentram,tenteram
tepam,menepam
tepekong,toapekong
tepekur,tafakur
tepet,tepek
tepik,menepik
tepinis,tempinis
terajang,terjang
teral,meneral
teralis,tarali
teram,taram
terambu,tambo
teran,meneran
terasul,tarasul
terau,menerau
teraweh,tarawih
terem,trem
teret,deret
terika,menerika
teriko,triko
terjemah,menerjemahkan
terkam,menerkam
terkap,menerkap
terkup,beterkup
terlantar,telantar
terobong,cerobong
terobos,menerobos
terok,menerok
teroka,meneroka
terombol,menerombol
terompet,trompet
terong,terung
terongko,terungku
terpa,menerpa
terpedo,torpedo
teruka,teruko
testes,testis
tetampah,tampah
tetapan,tetampan
tetar,menetar
tetas,menetas
tetawak,tawak-tawak
teterapan,terapan
tetibau,tetibar
tetuhu,tuhu
tezi,teji
tigas,menigas
tihang,tiang
tijak,pijak
tiku,tikung
tikung,menikung
tilap,menilap
tilawat,tilawah
tile,tule
tilgrap,telegraf
timbau,menimbau
timbrung,menimbrung
timbuk,menimbuk
timbus,menimbus
timpa,bertimpa-timpa
timpal,menimpali
timpuh,bertimpuh
timpuk,menimpuk
tindan,bertindan
tindas,menindas
tindawan,cendawan
tindik,bertindik
tindis,tindih
tinggir,tengger
tinggung,bertinggung
tingkar,meningkar
tingkarah,tengkarah
tingkeb,tingkeban
tingker,tingkar
tingkrang,bertingkrang
tingkuh,bertingkuh
tinting,meninting
tipak,tepak
tipes,tifus
tipus,tifus
tirah,tetirah
tiru,meniru
tisik,menisik
titar,bertitar-titar
titih,petitih
titip,menitip
tobak,bertobak
toblos,coblos
todong,menodong
tofan,topan
togan,menogan
toge,taoge
toke,tauke
tolak ukur,ukur
tolap,bertolap
tolerir,toleransi
tomang,menomang
tompang,tumpang
tongkong,tongkol
tongkrong,menongkrong
tongol,menongol
tongsan,pulang
tongsil,tonsil
tonton,menonton
topah,tufah
topek,menopek
toreh,menoreh
tores,toreh
torne,turne
totol,totol-totol
towaf,tawaf
toyah,toya
toyoh,toya
toyor,menoyor
tragik,tragis
trakoma,trakom
traktir,mentraktir
tram,trem
trampil,terampil
transito,transit
tras,teras
trenggiling,tenggiling
tribulan,triwulan
triko,kain
tril,geletar
trindil,terindil
tropi,trofi
tuat,ketuat
tuban,tuban-tuban
tubi,bertubi-tubi
tudak,todak
tuduh,menuduh
tuhur,tohor
tujah,menujah
tujuh bulan,bulan
tujuh hari,hari
tukai,menukai
tukam,menukam
tular,menular
tulis,bertulis
tulung,tolong
tumbak,tombak
tumbalang,tembelang
tumpang-tindih,bertumpang-tindih
tumpes,tumpas
tumplek,tumplak
tumus,tertumus
tunang,bertunangan
tundang,bertundang
tundung,menundung
tunggang-langgang,langgang
tunggit,tunggik
tungkat,tongkat
tungkik,tukik
tungkul,menungkul
tungu,tungau
tunjal,menunjal
tunjam,menunjam
tunjul,tonjol
tuntut,menuntut
tunu,menunu
tupang,topang
tura,bertura-tura
tursi,terusi
tutu,bertutu
tutuh,menutuh
tutuk,menutuk
ubah,berubah
ubah bentuk,bentuk
ubah suai,mengubahsuaikan
ubal-ubal,ubel-ubel
ubang,mengubang
ubaya,hubaya
ubek,mengubek-ubek
ubel,ubel-ubel
uber,menguber
ubit,mengubit-ubit
ubrak-abrik,mengubrak-abrik
ucek,mengucek
ucus,usus
udap,udap-udapan
udek,mengudek
udema,edema
udo,uda
udur,uzur
udut,mengudut
ugem,mengugemi
uis,menguis-uis
uit,menguit
uja,oja
ukir,berukir
ulayah,wilayah
ulem,mengulemi
ulen,menguleni
uler,ular
ules,mengules
ulik,mengulik
umak,emak
uman,menguman
umbalang,kembalang
umban,pengumban
umbang-ambing,mengumbang-ambingkan
umbar,mengumbar
umbara,embara
umbun-umbun,ubun-ubun
umbur,umbul
umbur-umbur,umbul
umpet,mengumpet
umpil,mengumpil
umpun,rumpun
umrat,umrah
unak,onak
uncit,uncang-uncit
uncue,honcoe
uncui,honcoe
unduh,mengunduh
ungam,mengungam
ungap-ungap,mengap-mengap
unggis,mengunggis
ungguk,onggok
ungkah,mengungkah
ungkai,mengungkai
ungkang-ungkang,ongkang-ongkang
ungkang-ungkit,unggang-unggit
ungkat,mengungkat-ungkat
ungkil,mengungkil
ungkir,mungkir
ungkit,ungkit-ungkit
ungkul,ungkulan
ungkur,berungkur-ungkuran
ungsi,mengungsi
universitet,universitas
unjam,hunjam
unjun,mengunjun
unjur,belunjur
untir,menguntir
unyai,berunyai
upak,mengupak
upam,mengupam
upar,mengupar
upau,pao-pao
upuk,ufuk
urah,mengurah
urak,urakan
urik,mengurik
urit,urip
urup,mengurup
usap,mengusap
usir,mengusir
usis,ucis
ustad,ustaz
usung,berusung
utan,hutan
Utarid,bintang
utus,mengutus
uwak,uak
uyung,huyung
Valentine,hari
verba faktif,faktif
vermak,permak
verzet,verset
vestibul,vestibula
vestibulum,vestibula
vignet,vinyet
Visnu,Wisnu
vrah,prahoto
vrahoto,prahoto
vulkanisir,vulkanisasi
vulpen,pulpen
waadah,waadat
wabakdahu,wabakdu
wadar,badar
wadas,cadas
wader,badar
wahadah,wahdah
wahadaniah,wahdaniah
wahadat,wahdah
wahadiah,wahdiah
wahi,wahyu
wahon,wagon
waiduri,baiduri
waja,baja
wajit,wajik
wakwak,wawa
walak,mewalakkan
walat,kualat
walimat,walimah
walmana,walimana
waqaf,wakaf
war,uar
wara,wara-wara
warakat,warkat
wardi,rodi
wari,berwari
warik,warak
warkah,warkat
warwar,uar-uar
was,waswas
wasilat,wasilah
wasir,bawasir
waslah,wasal
wassalam,wasalam
waton,watan
wawankata,wawancara
wawansabda,wawancara
wawas,mewawas
wawas diri,diri
wedam,weda
wedar,mewedar
weker,beker
weling,welingan
welut,belut
wenang,berwenang
werak,werek
werangka,warangka
werda,wreda
werdatama,wredatama
wesi aji,aji
widara,bidara
wih,we
wilahar,welahar
wilayat,wilayah
wilmana,walimana
winter,wenter
wirama,irama
wirasat,firasat
wirausaha,wiraswasta
wiron,wiru
wirwir,uir-uir
wodka,vodka
won,Uang
wregu,palem
wulang,wulangan
wurung,urung
wutuh,utuh
xi,ksi
yargon,jargon
Yehova,Yahwe
yen,Uang
yeyunum,jejunum
yudo,judo
yudoka,judoka
yunior,junior
yuri,juri
yuyutsu,yuyitsu
zabad,jebat
zadah,haram
zahir,lahir
zarafah,jerapah
zariat,zuriah
zenggi,zanggi
ziarat,ziarah
zimi,kafir
zinah,zina
zirafah,jerapah
zohor,zuhur
Zohrat,Zohrah
zone,zona
zuadah,juadah
Zuhara,Zohrah
zurafah,jerapah
zuriat,zuriah
